user_input,retrieved_contexts,response,reference,answer_relevancy
Which side effect of pilocarpine may indicate excessive parasympathetic activation?,[],Dry mouth or dry skin,Severe salivation and sweating,0.0
What is aseptic technique?,[],Aseptic technique refers to sterile procedures performed in an environment free from contamination by microorganisms.,A method to prevent the transfer of microorganisms during medical procedures.,0.9999999999999504
What is (are) Klippel Feil Syndrome ?,[],"Klippel Feil syndrome is an inherited disorder characterized by abnormal bone growth in the skull, face, and jaw. The condition affects males more frequently than females. Symptoms typically begin between ages 2 to 10 years and may include:

- Abnormal bone growth in the skull (congenital craniosynostosis)
- Abnormal facial features such as a small mouth or a flat nose
- Abnormal jaw development (hyposphenia)
- Abnormal curvature of the spine (scoliosis)

The exact cause of Klippel Feil syndrome is unknown. It appears to be caused by mutations in the CLCN4 gene.","Klippel-Feil Syndrome is a rare disorder characterized by the congenital fusion of two or more cervical (neck) vertebrae. It is caused by a failure in the normal segmentation or division of the cervical vertebrae during the early weeks of fetal development. The most common signs of the disorder are short neck, low hairline at the back of the head, and restricted mobility of the upper spine. The fused vertebrae can cause nerve damage and pain in the head, neck, or back. Associated abnormalities may include scoliosis (curvature of the spine), spina bifida (a birth defect of the spine), cleft palate, respiratory problems, and heart malformations. Other features may include joint pain; anomalies of the head and face, skeleton, sex organs, muscles, brain and spinal cord, arms, legs, and fingers; and difficulties hearing. Most cases are sporadic (happen on their own) but mutations in the GDF6 (growth differentiation factor 6) or GDF3 (growth differentiation factor 3) genes can cause the disorder. These genes make proteins that are involved in bone development and segmentation of the vertebrae.",0.856209009824584
What causes urge urinary incontinence?,[],"Urgent urinary incontinence (UI) is caused by an overactive bladder, which can be triggered by stress, anxiety, or certain medications.",Increased bladder sensitivity or decreased inhibitory control of the nervous system.,0.8259377423977288
What are the symptoms of Mehes syndrome ?,[],"What are the signs and symptoms of Mehes syndrome? The Human Phenotype Ontology (HPO) provides the following list of signs and symptoms for Mehes syndrome. If the information is available, the table lists the symptoms that have been observed in people with this phenotype. Additionally, where information is unavailable, the list includes example values for the symptom. The symbol '*' indicates that this information is not available for the symptom. Signs and Symptoms - Abnormality of the skin pigmentation - Autosomal recessive inheritance - Cataract - Congenital deafness - Epicanthus - Epicanthus aplasia - Epicanthus plagiocephaly - Epicanthus plagiocephalicus - Epicanthus plagiocephalicus type A - Epicanthus plagiocephalicus type B - Epicanthus plagiocephalicus type C - Epicanthus plagiocephalicus type D - Epicanthus plagiocephalicus type E - Epicanthus plagiocephalicus type F - Epicanthus plagiocephalicus type G - Epicanthus plagiocephalicus type H - Epicanthus plagiocephalicus type I - Epicanthus plagiocephalicus type J - Epicanthus plagiocephalicus type K - Epicanthus plagiocephalicus type L - Epicanthus plagiocephalicus type M - Epicanthus plagiocephalicus type N - Epicanthus plagio","What are the signs and symptoms of Mehes syndrome? The Human Phenotype Ontology provides the following list of signs and symptoms for Mehes syndrome. If the information is available, the table below includes how often the symptom is seen in people with this condition. You can use the MedlinePlus Medical Dictionary to look up the definitions for these medical terms. Signs and Symptoms Approximate number of patients (when available) Blepharophimosis 90% External ear malformation 90% Facial asymmetry 90% Hypertelorism 90% Low-set, posteriorly rotated ears 90% Neurological speech impairment 90% Ptosis 90% Strabismus 90% Abnormality of the palate 50% Cognitive impairment 50% Long philtrum 50% Anteverted nares 7.5% Anterior creases of earlobe - Autosomal dominant inheritance - Delayed speech and language development - Low-set ears - Specific learning disability - Unilateral narrow palpebral fissure - Unilateral ptosis - The Human Phenotype Ontology (HPO) has collected information on how often a sign or symptom occurs in a condition. Much of this information comes from Orphanet, a European rare disease database. The frequency of a sign or symptom is usually listed as a rough estimate of the percentage of patients who have that feature. The frequency may also be listed as a fraction. The first number of the fraction is how many people had the symptom, and the second number is the total number of people who were examined in one study. For example, a frequency of 25/25 means that in a study of 25 people all patients were found to have that symptom. Because these frequencies are based on a specific study, the fractions may be different if another group of patients are examined. Sometimes, no information on frequency is available. In these cases, the sign or symptom may be rare or common.",0.9874625375186168
what research (or clinical trials) is being done for Childhood Acute Myeloid Leukemia and Other Myeloid Malignancies ?,[],"The National Cancer Institute, the National Heart, Lung, and Blood Institute, and other institutions conduct research on leukemia and myeloma.","New types of treatment are being tested in clinical trials. This summary section describes treatments that are being studied in clinical trials. It may not mention every new treatment being studied. Information about clinical trials is available from the NCI website. Biologic therapy Biologic therapy is a treatment that uses the patients immune system to fight cancer. Substances made by the body or made in a laboratory are used to boost, direct, or restore the bodys natural defenses against cancer. This type of cancer treatment is also called biotherapy or immunotherapy. Natural killer (NK) cells are a type of biologic therapy. NK cells are white blood cells that can kill tumor cells. These may be taken from a donor and given to the patient by infusion to help kill leukemia cells. Patients may want to think about taking part in a clinical trial. For some patients, taking part in a clinical trial may be the best treatment choice. Clinical trials are part of the cancer research process. Clinical trials are done to find out if new cancer treatments are safe and effective or better than the standard treatment. Many of today's standard treatments for cancer are based on earlier clinical trials. Patients who take part in a clinical trial may receive the standard treatment or be among the first to receive a new treatment. Patients who take part in clinical trials also help improve the way cancer will be treated in the future. Even when clinical trials do not lead to effective new treatments, they often answer important questions and help move research forward. Patients can enter clinical trials before, during, or after starting their cancer treatment. Some clinical trials only include patients who have not yet received treatment. Other trials test treatments for patients whose cancer has not gotten better. There are also clinical trials that test new ways to stop cancer from recurring (coming back) or reduce the side effects of cancer treatment. Clinical trials are taking place in many parts of the country. See the Treatment Options section that follows for links to current treatment clinical trials. These have been retrieved from NCI's listing of clinical trials.",0.7441653408201275
What is the primary goal of oxygen therapy in hypoxia management?,[],To improve blood oxygen saturation by increasing oxygen delivery to tissues.,To maintain adequate tissue oxygenation and prevent organ failure.,0.6025377849751973
Why should transdermal patches not be placed on broken or irritated skin?,[],To prevent irritation and potential allergic reactions.,To prevent increased absorption and potential skin reactions.,0.2375004752679956
What is antibiotic stewardship?,[],"The practice of using antibiotics judiciously to prevent or treat bacterial infections, minimizing resistance development.",A program promoting appropriate antibiotic use to reduce resistance and improve outcomes.,0.4780600343481171
What is the first step before inserting an indwelling urinary catheter?,[],The nurse should check for proper insertion of the catheter into the bladder.,Review and follow agency policy regarding catheter insertion.,0.713947120173605
What is diarrhea?,[],"Diarrhea is an involuntary loss of fluid and electrolytes through loose stools, often caused by dehydration or food poisoning.",Having more than three unformed stools in 24 hours.,0.9999999999999144
What is the purpose of a fever?,[],A fever is an increase in body temperature that occurs when the body's temperature regulatory system overreacts to infection or injury.,A fever enhances the immune response by stimulating white blood cells and inhibiting pathogen growth.,0.8198190863096774
Why is an adapter required for oxygen tubing?,[],To ensure proper flow rate and prevent air leakage.,To securely connect the tubing to the flow meter.,
Have you experienced any swelling in your legs or feet?,[],I have not had any noticeable swelling in my legs or feet.,"Yes, my ankles are very swollen.",0.9951510729445148
How to diagnose What I need to know about Diarrhea ?,[],"Diarrhea is often diagnosed based on symptoms, but sometimes it can be difficult to determine whether you have diarrhea or another condition. Your doctor may ask questions such as: - How long has your diarrhea been going on? - Have you had any other symptoms like fever, abdominal pain, or vomiting? - Do you feel sick all of the time? - Are you having more than one episode of diarrhea in a day? - Is your stool darker than normal? - Have you lost weight recently? - Have you had diarrhea before? - Did you eat something that made you feel sick? - Have you eaten too much food at once? - Have you taken antibiotics recently? - Have you had diarrhea after eating certain foods? - Have you had diarrhea after being exposed to bacteria or viruses? - Have you had diarrhea with blood? - Have you had diarrhea for more than 2 weeks? - Have you had diarrhea more than twice a week? - Have you had diarrhea more than three times a month? - Have you had diarrhea more than five times a year? - Have you had diarrhea more than ten times a year? - Have you had diarrhea more than fifteen times a year? - Have you had diarrhea more than twenty-five times a year? - Have you had diarrhea more than thirty-five times a year? - Have you had diarrhea more than forty-five times a year? - Have you had diarrhea more than fifty-five times a year? - Have you had diarrhea more than sixty-five times a year","To find the cause of diarrhea, the health care provider may - perform a physical exam - ask about any medicines you are taking - test your stool or blood to look for bacteria, parasites, or other signs of disease or infection - ask you to stop eating certain foods to see whether your diarrhea goes away If you have chronic diarrhea, your health care provider may perform other tests to look for signs of disease.",0.0
What are the stages of pressure injuries?,[],"Pressure injuries can be classified into four stages: Stage 1, Stage 2, Stage 3, and Stage 4.","Stage 1 (redness), Stage 2 (partial thickness loss), Stage 3 (full thickness loss), Stage 4 (deep tissue loss).",0.8138810864836061
Is Hashimoto's syndrome inherited ?,[],"Hashimoto's disease is generally not inherited, although it can run in families. Some studies suggest that there may be an increased risk of developing Hashimoto's disease if both parents have the condition.","Is Hashimoto's syndrome inherited? The inheritance pattern of Hashimoto's syndrome is unclear because many genetic and environmental factors appear to be involved. However, the condition can cluster in families, and having a close relative with Hashimoto's syndrome or another autoimmune disorder likely increases a person's risk of developing the condition.",
What is (are) D-bifunctional protein deficiency ?,[],"D-bifunctional protein deficiency is an inherited disorder that affects muscle function, particularly in the muscles of the heart and lungs. People with this condition typically have weak or absent contractions of the heart's atria and ventricles (atrial and ventricular fibrillation), which can lead to sudden death if not treated promptly. Other features may include abnormal breathing patterns, shortness of breath, and difficulty breathing during physical activity. In some cases, people with D-bifunctional protein deficiency also experience developmental delays and intellectual disability.","D-bifunctional protein deficiency is a disorder that causes deterioration of nervous system functions (neurodegeneration) beginning in infancy. Newborns with D-bifunctional protein deficiency have weak muscle tone (hypotonia) and seizures. Most babies with this condition never acquire any developmental skills. Some may reach very early developmental milestones such as the ability to follow movement with their eyes or control their head movement, but they experience a gradual loss of these skills (developmental regression) within a few months. As the condition gets worse, affected children develop exaggerated reflexes (hyperreflexia), increased muscle tone (hypertonia), more severe and recurrent seizures (epilepsy), and loss of vision and hearing. Most children with D-bifunctional protein deficiency do not survive past the age of 2. A small number of individuals with this disorder are somewhat less severely affected. They may acquire additional basic skills, such as voluntary hand movements or unsupported sitting, before experiencing developmental regression, and they may survive longer into childhood than more severely affected individuals. Individuals with D-bifunctional protein deficiency may have unusual facial features, including a high forehead, widely spaced eyes (hypertelorism), a lengthened area between the nose and mouth (philtrum), and a high arch of the hard palate at the roof of the mouth. Affected infants may also have an unusually large space between the bones of the skull (fontanel). An enlarged liver (hepatomegaly) occurs in about half of affected individuals. Because these features are similar to those of another disorder called Zellweger syndrome (part of a group of disorders called the Zellweger spectrum), D-bifunctional protein deficiency is sometimes called pseudo-Zellweger syndrome.",0.8282931529470391
How many people are affected by mucopolysaccharidosis type II ?,[],"Mucopolysaccharidosis type II is an inherited disorder that affects about 1 in 5,000 to 20,000 individuals worldwide. The prevalence of this condition varies among different populations; it occurs more frequently in certain ethnic groups such as Japanese Americans, African Americans, and Native Hawaiians.","MPS II occurs in approximately 1 in 100,000 to 1 in 170,000 males.",0.91613838798165
What is the mucociliary escalator and how does it prevent infection?,[],The mucociliary escalator prevents bacterial colonization by trapping bacteria in the respiratory tract.,A mechanism in the respiratory tract that traps and removes microbes using mucus and cilia.,0.8781108054986678
what research (or clinical trials) is being done for Attention Deficit-Hyperactivity Disorder ?,[],"Research on ADHD continues to grow, with new treatments emerging every year.","Several components of the NIH support research on developmental disorders such as ADHD. Research programs of the NINDS, the National Institute of Mental Health (NIMH), and the National Institute of Child Health and Human Development (NICHD) seek to address unanswered questions about the causes of ADHD, as well as to improve diagnosis and treatment.",0.7474270740797052
What is the main function of the respiratory system?,[],"The respiratory system helps in breathing, oxygenation, and gas exchange by producing and expelling air.",The main function of the respiratory system is to provide the body with oxygen and remove carbon dioxide.,0.974869140474344
What to do for Medullary Sponge Kidney ?,[],"Medullary sponge kidney is a rare condition that affects children. It typically occurs in infants or young children, though it can occur at any age. Symptoms may include vomiting, diarrhea, lethargy, and developmental delay. Treatment depends on the specific signs and symptoms present.","The following changes in diet may help prevent UTIs and kidney stone formation: - Drinking plenty of water and other liquids can help flush bacteria from the urinary tract and dilute urine so kidney stones cannot form. A person should drink enough liquid to produce about 2 to 2.5 quarts of urine every day.3 - Reducing sodium intake, mostly from salt, may help prevent kidney stones. Diets high in sodium can increase the excretion of calcium into the urine and thus increase the chance of calciumcontaining kidney stones forming. - Foods rich in animal proteins such as meat, eggs, and fish can increase the chance of uric acid stones and calcium stones forming. People who form stones should limit their meat consumption to 6 to 8 ounces a day.4 - People who are more likely to develop calcium oxalate stones should include 1,000 milligrams of calcium in their diet every day. Adults older than 50 years should consume 1,200 milligrams of calcium daily.3 Calcium in the digestive tract binds to oxalate from food and keeps it from entering the blood and the urinary tract, where it can form stones. People with medullary sponge kidney should talk with their health care provider or a dietitian before making any dietary changes. A dietitian can help a person plan healthy meals.",0.8289022760873596
What causes Childhood Nephrotic Syndrome ?,[],"Childhood nephrotic syndrome is caused by an immune system disorder called autoimmune disease, which attacks the kidneys. The exact cause of childhood nephrotic syndrome is unknown.","While idiopathic, or unknown, diseases are the most common cause of primary childhood nephrotic syndrome, researchers have linked certain diseases and some specific genetic changes that damage the kidneys with primary childhood nephrotic syndrome. The cause of secondary childhood nephrotic syndrome is an underlying disease or infection. Called a primary illness, its this underlying disease or infection that causes changes in the kidney function that can result in secondary childhood nephrotic syndrome. Congenital diseasesdiseases that are present at birthcan also cause childhood nephrotic syndrome. Primary Childhood Nephrotic Syndrome The following diseases are different types of idiopathic childhood nephrotic syndrome: - Minimal change disease involves damage to the glomeruli that can be seen only with an electron microscope. This type of microscope shows tiny details better than any other microscope. Scientists do not know the exact cause of minimal change disease. Minimal change disease is the most common cause of idiopathic childhood nephrotic syndrome.1 - Focal segmental glomerulosclerosis is scarring in scattered regions of the kidney: - Focal means that only some of the glomeruli become scarred. - Segmental means damage affects only part of an individual glomerulus. - Membranoproliferative glomerulonephritis is a group of disorders involving deposits of antibodies that build up in the glomeruli, causing thickening and damage. Antibodies are proteins made by the immune system to protect the body from foreign substances such as bacteria or viruses. Secondary Childhood Nephrotic Syndrome Some common diseases that can cause secondary childhood nephrotic syndrome include - diabetes, a condition that occurs when the body cannot use glucosea type of sugarnormally - Henoch-Schnlein purpura, a disease that causes small blood vessels in the body to become inflamed and leak - hepatitis, inflammation of the liver caused by a virus - human immunodeficiency virus (HIV), a virus that alters the immune system - lupus, an autoimmune disease that occurs when the body attacks its own immune system - malaria, a disease of the blood that is spread by mosquitos - streptococcal infection, an infection that results when the bacteria that causes strep throat or a skin infection is left untreated Other causes of secondary childhood nephrotic syndrome can include certain medications, such as aspirin, ibuprofen, or other nonsteroidal anti-inflammatory drugs, and exposure to chemicals, such as mercury and lithium. Congenital Diseases and Childhood Nephrotic Syndrome Congenital nephrotic syndrome is rare and affects infants in the first 3 months of life.2 This type of nephrotic syndrome, sometimes called infantile nephrotic syndrome, can be caused by - inherited genetic defects, which are problems passed from parent to child through genes - infections at the time of birth More information about underlying diseases or infections that cause changes in kidney function is provided in the NIDDK health topic, Glomerular Diseases.",0.0
What is (are) Childhood Central Nervous System Germ Cell Tumors ?,[],"Childhood central nervous system germ cell tumors are rare, but they can occur in children who have had certain infections or conditions. These include:

- Cytomegalovirus infection

- Herpes simplex virus type 1 infection

- Epstein-Barr virus infection

- Human immunodeficiency virus (HIV)

- Mumps

- Rubella

- Varicella-zoster virus infection

The exact cause of childhood central nervous system germ cell tumors is unknown. However, it may be related to an inherited genetic condition called neurofibromatosis type 2 (NF2). This condition causes tumors that form in the brain and spinal cord.

In some cases, the tumor cells appear to arise from normal cells in the brain. In other cases, the tumor cells develop from abnormal cells that grow out of control. The abnormal cells usually do not spread to other parts of the body.","Key Points - Childhood central nervous system (CNS) germ cell tumors form from germ cells. - There are different types of childhood CNS germ cell tumors. - Germinomas - Nongerminomas - The cause of most childhood CNS germ cell tumors is not known. - Signs and symptoms of childhood CNS germ cell tumors include unusual thirst, frequent urination, early puberty, or vision changes. - Imaging studies and tests are used to detect (find) and diagnose childhood CNS germ cell tumors. - A biopsy may be done to be sure of the diagnosis of CNS germ cell tumor. - Certain factors affect prognosis (chance of recovery). Childhood central nervous system (CNS) germ cell tumors form from germ cells. Germ cells are a type of cell that form as a fetus (unborn baby) develops. These cells later become sperm in the testicles or eggs in the ovaries. Sometimes while the fetus is forming, germ cells travel to other parts of the body and grow into germ cell tumors. Germ cells tumors that form in the brain or spinal cord are called CNS germ cell tumors. The most common places for one or more central nervous system (CNS) germ cell tumors to form is near the pineal gland and in an area of the brain that includes the pituitary gland and the tissue just above it. Sometimes germ cell tumors may form in other areas of the brain. This summary is about germ cell tumors that start in the central nervous system (brain and spinal cord). Germ cell tumors may also form in other parts of the body. See the PDQ summary on Childhood Extracranial Germ Cell Tumors Treatment for information on germ cell tumors that are extracranial (outside the brain). CNS germ cell tumors usually occur in children, but may occur in adults. Treatment for children may be different than treatment for adults. See the following PDQ summaries for information about treatment for adults: - Adult Central Nervous System Tumors Treatment - Extragonadal Germ Cell Tumors Treatment For information about other types of childhood brain and spinal cord tumors, see the PDQ summary on Childhood Brain and Spinal Cord Tumors Treatment Overview. There are different types of childhood CNS germ cell tumors. There are different types of CNS germ cell tumors. The type of CNS germ cell tumor depends on what the cells look like under a microscope. This summary is about the treatment of the following types of CNS germ cell tumors: Germinomas Germinomas are the most common type of CNS germ cell tumor and have a good prognosis. Nongerminomas Some nongerminomas make hormones. CNS teratomas are a type of nongerminoma that does not make hormones. They may have different kinds of tissue in them, such as hair, muscle, and bone. Teratomas are described as mature or immature, based on how normal the cells look under a microscope. Sometimes teratomas are a mix of mature and immature cells. Other types of nongerminomas include the following: - Choriocarcinomas make the hormone beta-human chorionic gonadotropin (-hCG). - Embryonal carcinomas do not make hormones. - Yolk sac tumors make the hormone alpha-fetoprotein (AFP). - Mixed germ cell tumors are made of more than one kind of germ cell.",0.8388155319709825
What should a nurse do if a patient refuses an injection?,[],Notify the healthcare provider to ensure proper documentation.,"Assess their concerns, educate them about the medication, and notify the provider if necessary.",0.3008436695188332
What are the treatments for deafness and myopia syndrome ?,[],"These conditions can be treated with surgery, medication, or both. Surgery may help to correct vision problems such as strabismus (crossed eyes) or amblyopia (lazy eye). Medication is often used to treat myopia, which causes nearsightedness.",These resources address the diagnosis or management of deafness and myopia syndrome: - Baby's First Test: Hearing Loss - EyeSmart: Eyeglasses for Vision Correction - Gene Review: Gene Review: Deafness and Myopia Syndrome - Harvard Medical School Center for Hereditary Deafness - KidsHealth: Hearing Evaluation in Children - MedlinePlus Encyclopedia: Cochlear Implant - MedlinePlus Health Topic: Cochlear Implants - MedlinePlus Health Topic: Hearing Aids - MedlinePlus Health Topic: Newborn Screening These resources from MedlinePlus offer information about the diagnosis and management of various health conditions: - Diagnostic Tests - Drug Therapy - Surgery and Rehabilitation - Genetic Counseling - Palliative Care,0.6205725241611918
Why should pseudoephedrine be avoided in patients with arrhythmias?,[],"It can cause tachycardia or bradycardia, which may lead to ventricular arrhythmias.",It can increase heart rate and worsen arrhythmias,0.448626127700682
What is the impact of renal failure on allopurinol metabolism?,[],"It can increase its absorption, leading to toxicity.",It can lead to increased drug accumulation and toxicity.,0.3188562145229605
What is (are) Hepatitis B: What Asian and Pacific Islander Americans Need to Know ?,[],"Hepatitis B is an infection that affects the liver. It can cause serious health problems, including cirrhosis and cancer. The virus is most common in Asia and the Pacific Islands.","Hepatitis B is a liver disease spread through contact with blood, semen, or other body fluids from a person infected with the hepatitis B virus. The disease is most commonly spread from an infected mother to her infant at birth. Hepatitis B is also spread through sex, wound-to-wound contact, and contact with items that may have blood on them, such as shaving razors, toothbrushes, syringes, and tattoo and body piercing needles. Hepatitis B is not spread through casual contact such as shaking hands or hugging; nor is it spread by sharing food or beverages, by sneezing and coughing, or through breastfeeding.",0.6911490798175156
Why should a nurse report ‘near misses’ in medication administration?,[],Near misses indicate potential errors that could lead to serious complications if not corrected promptly.,To identify potential system errors and prevent future medication errors.,0.5798054000308132
What are warning signs of skin breakdown in older adults?,[],"Redness, itching, dryness, and cracking.","Pressure ulcers, unhealed wounds, suspicious lesions.",0.5761324389401067
What should a nurse do if a patient's pain remains severe despite medication?,[],"The nurse should reassess the patient, adjust the dosage as needed, and document the severity of the pain.",Alternative pain relief should be explored if pain persists.,0.8435810616235313
What roles do nurses play in end-of-life care?,[],"Nurses provide emotional support, physical care, and spiritual guidance to patients during their final days.","Advocate, professional caregiver, educator, and supporter.",0.696327630144488
What are the treatments for Childhood Hodgkin Lymphoma ?,[],"These treatments may be used to treat children with childhood lymphoma: Chemotherapy - A drug that kills cancer cells. It is usually given by intravenous (IV) injection or oral pill. The child will have several cycles of treatment, each lasting about 1 week. Radiation therapy - A type of radiation that uses high-energy rays to kill cancer cells. It can be given as an external beam or a proton beam. The child will have several sessions of radiation therapy over several weeks. Surgery - Removing part or all of the tumor. This surgery may be done before chemotherapy or after it has been started. If the child does not respond well to chemotherapy, surgery may help to shrink the tumor. Newer techniques include stereotactic radiosurgery (SRS), which uses radio waves to destroy tumors. These procedures are often used in combination with other therapies. Immunotherapy - A way to fight cancer by using the body's own immune system to find and attack cancer cells. This treatment is sometimes used when other treatments do not work. There are two types of immunotherapy: checkpoint inhibitors and PD-1/PD-L1 inhibitors. Checkpoint inhibitors block the action of certain proteins that stop the immune system from attacking cancer cells. PD-1/PD-L1 inhibitors target the protein on the surface of T-cells.","Key Points - There are different types of treatment for children with Hodgkin lymphoma. - Children with Hodgkin lymphoma should have their treatment planned by a team of health care providers who are experts in treating childhood cancer. - Children and adolescents may have treatment-related side effects that appear months or years after treatment for Hodgkin lymphoma. - Five types of standard treatment are used: - Chemotherapy - Radiation therapy - Targeted therapy - Surgery - High-dose chemotherapy with stem cell transplant - New types of treatment are being tested in clinical trials. - Proton beam radiation therapy - Patients may want to think about taking part in a clinical trial. - Patients can enter clinical trials before, during, or after starting their cancer treatment. - Follow-up tests may be needed. There are different types of treatment for children with Hodgkin lymphoma. Different types of treatment are available for children with Hodgkin lymphoma. Some treatments are standard and some are being tested in clinical trials. A treatment clinical trial is a research study meant to help improve current treatments or obtain information on new treatments for patients with cancer. When clinical trials show that a new treatment is better than the standard treatment, the new treatment may become the standard treatment. Because cancer in children is rare, taking part in a clinical trial should be considered. Some clinical trials are open only to patients who have not started treatment. Children with Hodgkin lymphoma should have their treatment planned by a team of health care providers who are experts in treating childhood cancer. Treatment will be overseen by a pediatric oncologist, a doctor who specializes in treating children with cancer. The pediatric oncologist works with other pediatric health care providers who are experts in treating children with Hodgkin lymphoma and who specialize in certain areas of medicine. These may include the following specialists: - Pediatrician. - Medical oncologist /hematologist. - Pediatric surgeon. - Radiation oncologist. - Endocrinologist. - Pediatric nurse specialist. - Rehabilitation specialist. - Psychologist. - Social worker. - Child-life specialist. The treatment of Hodgkin lymphoma in adolescents and young adults may be different than the treatment for children. Some adolescents and young adults are treated with an adult treatment regimen. Children and adolescents may have treatment-related side effects that appear months or years after treatment for Hodgkin lymphoma. Some cancer treatments cause side effects that continue or appear months or years after cancer treatment has ended. These are called late effects. Because late effects affect health and development, regular follow-up exams are important. Late effects of cancer treatment may include: - Physical problems that affect the following: - Development of sex and reproductive organs. - Fertility (ability to have children). - Bone and muscle growth and development. - Thyroid, heart, or lung function. - Teeth, gums, and salivary gland function. - Spleen function (increased risk of infection). - Changes in mood, feelings, thinking, learning, or memory. - Second cancers (new types of cancer). For female survivors of Hodgkin lymphoma, there is an increased risk of breast cancer. This risk depends on the amount of radiation therapy they received to the breast during treatment and the chemotherapy regimen used. The risk of breast cancer is decreased if these female survivors also received radiation therapy to the ovaries. It is suggested that female survivors who received radiation therapy to the breast have a mammogram once a year starting 8 years after treatment or at age 25 years, whichever is later. Female survivors of childhood Hodgkin lymphoma who have breast cancer have an increased risk of dying from the disease compared to patients with no history of Hodgkin lymphoma who have breast cancer. Some late effects may be treated or controlled. It is important to talk with your child's doctors about the possible late effects caused by some treatments. (See the PDQ summary on Late Effects of Treatment for Childhood Cancer for more information). Five types of standard treatment are used: Chemotherapy Chemotherapy is a cancer treatment that uses drugs to stop the growth of cancer cells, either by killing the cells or by stopping them from dividing. When chemotherapy is taken by mouth or injected into a vein or muscle, the drugs enter the bloodstream and can reach cancer cells throughout the body (systemic chemotherapy). When chemotherapy is placed directly into the cerebrospinal fluid, an organ, or a body cavity such as the abdomen, the drugs mainly affect cancer cells in those areas (regional chemotherapy). Combination chemotherapy is treatment using more than one anticancer drug. The way the chemotherapy is given depends on the risk group. For example, children with low-risk Hodgkin lymphoma receive fewer cycles of treatment, fewer anticancer drugs, and lower doses of anticancer drugs than children with high-risk lymphoma. See Drugs Approved for Hodgkin Lymphoma for more information. Radiation therapy Radiation therapy is a cancer treatment that uses high-energy x-rays or other types of radiation to kill cancer cells or keep them from growing. There are two types of radiation therapy: - External radiation therapy uses a machine outside the body to send radiation toward the cancer. Certain ways of giving radiation therapy can help keep radiation from damaging nearby healthy tissue. These types of external radiation therapy include the following: - Conformal radiation therapy: Conformal radiation therapy is a type of external radiation therapy that uses a computer to make a 3-dimensional (3-D) picture of the tumor and shapes the radiation beams to fit the tumor. - Intensity-modulated radiation therapy (IMRT): IMRT is a type of 3-dimensional (3-D) radiation therapy that uses a computer to make pictures of the size and shape of the tumor. Thin beams of radiation of different intensities (strengths) are aimed at the tumor from many angles. - Internal radiation therapy uses a radioactive substance sealed in needles, seeds, wires, or catheters that are placed directly into or near the cancer. Radiation therapy may be given, based on the childs risk group and chemotherapy regimen. External radiation therapy is used to treat childhood Hodgkin lymphoma. The radiation is given only to the lymph nodes or other areas with cancer. Internal radiation therapy is not used to treat Hodgkin lymphoma. Targeted therapy Targeted therapy is a type of treatment that uses drugs or other substances to identify and attack specific cancer cells without harming normal cells. Monoclonal antibody therapy and proteasome inhibitor therapy are being used in the treatment of childhood Hodgkin lymphoma. Monoclonal antibody therapy is a cancer treatment that uses antibodies made in the laboratory from a single type of immune system cell. These antibodies can identify substances on cancer cells or normal substances that may help cancer cells grow. The antibodies attach to the substances and kill the cancer cells, block their growth, or keep them from spreading. Monoclonal antibodies are given by infusion. They may be used alone or to carry drugs, toxins, or radioactive material directly to cancer cells. In children, rituximab may be used to treat refractory or recurrent Hodgkin lymphoma. Brentuximab, nivolumab, pembrolizumab, and atezolizumab are monoclonal antibodies being studied to treat children. Proteasome inhibitor therapy is a type of targeted therapy that blocks the action of proteasomes (proteins that remove other proteins the body no longer needs) in cancer cells and may prevent the growth of tumors. Bortezomib is a proteasome inhibitor used to treat refractory or recurrent childhood Hodgkin lymphoma. Surgery Surgery may be done to remove as much of the tumor as possible for localized nodular lymphocyte -predominant childhood Hodgkin lymphoma. High-dose chemotherapy with stem cell transplant High-dose chemotherapy with stem cell transplant is a way of giving high doses of chemotherapy and replacing blood -forming cells destroyed by the cancer treatment. Stem cells (immature blood cells) are removed from the blood or bone marrow of the patient or a donor and are frozen and stored. After the chemotherapy is completed, the stored stem cells are thawed and given back to the patient through an infusion. These reinfused stem cells grow into (and restore) the body's blood cells. See Drugs Approved for Hodgkin Lymphoma for more information. New types of treatment are being tested in clinical trials. This summary section describes treatments that are being studied in clinical trials. It may not mention every new treatment being studied. Information about clinical trials is available from the NCI website. Proton beam radiation therapy Proton-beam therapy is a type of high-energy, external radiation therapy that uses streams of protons (small, positively-charged particles of matter) to make radiation. This type of radiation therapy may help lessen the damage to healthy tissue near the tumor. Patients may want to think about taking part in a clinical trial. For some patients, taking part in a clinical trial may be the best treatment choice. Clinical trials are part of the cancer research process. Clinical trials are done to find out if new cancer treatments are safe and effective or better than the standard treatment. Many of today's standard treatments for cancer are based on earlier clinical trials. Patients who take part in a clinical trial may receive the standard treatment or be among the first to receive a new treatment. Patients who take part in clinical trials also help improve the way cancer will be treated in the future. Even when clinical trials do not lead to effective new treatments, they often answer important questions and help move research forward. Patients can enter clinical trials before, during, or after starting their cancer treatment. Some clinical trials only include patients who have not yet received treatment. Other trials test treatments for patients whose cancer has not gotten better. There are also clinical trials that test new ways to stop cancer from recurring (coming back) or reduce the side effects of cancer treatment. Clinical trials are taking place in many parts of the country. See the Treatment Options section that follows for links to current treatment clinical trials. These have been retrieved from NCI's listing of clinical trials. Follow-up tests may be needed. Some of the tests that were done to diagnose the cancer or to find out the stage of the cancer may be repeated. Some tests will be repeated in order to see how well the treatment is working. Decisions about whether to continue, change, or stop treatment may be based on the results of these tests. Some of the tests will continue to be done from time to time after treatment has ended. The results of these tests can show if your child's condition has changed or if the cancer has recurred (come back). These tests are sometimes called follow-up tests or check-ups. For patients who receive chemotherapy alone, a PET scan may be done 3 weeks or more after treatment ends. For patients who receive radiation therapy last, a PET scan should not be done until 8 to 12 weeks after treatment. Treatment Options for Children and Adolescents with Hodgkin Lymphoma Low-Risk Classical Childhood Hodgkin Lymphoma Treatment of low-risk classical childhood Hodgkin lymphoma may include the following: - Combination chemotherapy. - Radiation therapy may also be given to the areas with cancer. Check the list of NCI-supported cancer clinical trials that are now accepting patients with stage I childhood Hodgkin lymphoma and stage II childhood Hodgkin lymphoma. For more specific results, refine the search by using other search features, such as the location of the trial, the type of treatment, or the name of the drug. Talk with your child's doctor about clinical trials that may be right for your child. General information about clinical trials is available from the NCI website. Intermediate-Risk Classical Childhood Hodgkin Lymphoma Treatment of intermediate-risk classical childhood Hodgkin lymphoma may include the following: - Combination chemotherapy. - Radiation therapy may also be given to the areas with cancer. Check the list of NCI-supported cancer clinical trials that are now accepting patients with stage I childhood Hodgkin lymphoma, stage II childhood Hodgkin lymphoma, stage III childhood Hodgkin lymphoma and stage IV childhood Hodgkin lymphoma. For more specific results, refine the search by using other search features, such as the location of the trial, the type of treatment, or the name of the drug. Talk with your child's doctor about clinical trials that may be right for your child. General information about clinical trials is available from the NCI website. High-Risk Classical Childhood Hodgkin Lymphoma Treatment of high-risk classical childhood Hodgkin lymphoma may include the following: - Higher dose combination chemotherapy. - Radiation therapy may also be given to the areas with cancer. - A clinical trial of targeted therapy and combination chemotherapy. Radiation therapy may also be given to the areas with cancer. Check the list of NCI-supported cancer clinical trials that are now accepting patients with stage III childhood Hodgkin lymphoma and stage IV childhood Hodgkin lymphoma. For more specific results, refine the search by using other search features, such as the location of the trial, the type of treatment, or the name of the drug. Talk with your child's doctor about clinical trials that may be right for your child. General information about clinical trials is available from the NCI website. Nodular Lymphocyte-Predominant Childhood Hodgkin Lymphoma Treatment of nodular lymphocyte-predominant childhood Hodgkin lymphoma may include the following: - Surgery, if the tumor can be completely removed. - Chemotherapy with or without low-dose external radiation therapy. Check the list of NCI-supported cancer clinical trials that are now accepting patients with childhood nodular lymphocyte predominant Hodgkin lymphoma. For more specific results, refine the search by using other search features, such as the location of the trial, the type of treatment, or the name of the drug. Talk with your child's doctor about clinical trials that may be right for your child. General information about clinical trials is available from the NCI website.",0.9079501821597336
What is the function of autolytic debridement?,[],It removes dead tissue to improve healing.,It promotes the body’s own enzymes to break down necrotic tissue.,0.7306888936366341
What is (are) adult-onset leukoencephalopathy with axonal spheroids and pigmented glia ?,[],"Adult-onset leukoencephalopathy with axonal spheroids and pigmented glia is an inherited disorder characterized by progressive neurological symptoms, primarily in the central nervous system. The signs and symptoms vary widely among affected individuals but may include memory loss, confusion, personality changes, difficulty concentrating, and problems with coordination or balance. In some cases, patients also experience seizures. The cause of this condition remains unknown. Treatment typically focuses on managing the specific symptoms present.","Adult-onset leukoencephalopathy with axonal spheroids and pigmented glia (ALSP) is a neurological condition characterized by changes to certain areas of the brain. A hallmark of ALSP is leukoencephalopathy, which is the alteration of a type of brain tissue called white matter. White matter consists of nerve fibers (axons) covered by a substance called myelin that insulates and protects them. The axons extend from nerve cells (neurons) and transmit nerve impulses throughout the body. Areas of damage to this brain tissue (white matter lesions) can be seen with magnetic resonance imaging (MRI). Another feature of ALSP is swellings called spheroids in the axons of the brain, which are a sign of axon damage. Also common in ALSP are abnormally pigmented glial cells. Glial cells are specialized brain cells that protect and maintain neurons. Damage to myelin and neurons is thought to contribute to many of the neurological signs and symptoms in people with ALSP. Symptoms of ALSP usually begin in a person's forties and worsen over time. Personality changes, including depression and a loss of social inhibitions, are among the earliest symptoms of ALSP. Affected individuals may develop memory loss and loss of executive function, which is the ability to plan and implement actions and develop problem-solving strategies. Loss of this function impairs skills such as impulse control, self-monitoring, and focusing attention appropriately. Some people with ALSP have mild seizures, usually only when the condition begins. As ALSP progresses, it causes a severe decline in thinking and reasoning abilities (dementia). Over time, motor skills are affected, and people with ALSP may have difficulty walking. Many develop a pattern of movement abnormalities known as parkinsonism, which includes unusually slow movement (bradykinesia), involuntary trembling (tremor), and muscle stiffness (rigidity). The pattern of cognitive and motor problems are variable, even among individuals in the same family, although almost all affected individuals ultimately become unable to walk, speak, and care for themselves. ALSP was previously thought to be two separate conditions, hereditary diffuse leukoencephalopathy with spheroids (HDLS) and familial pigmentary orthochromatic leukodystrophy (POLD), both of which cause very similar white matter damage and cognitive and movement problems. POLD was thought to be distinguished by the presence of pigmented glial cells and an absence of spheroids; however, people with HDLS can have pigmented cells, too, and people with POLD can have spheroids. HDLS and POLD are now considered to be part of the same disease spectrum, which researchers have recommended calling ALSP.",0.0
Why is deep breathing recommended before coughing up sputum?,[],To clear the airway and prevent further complications.,It helps loosen and mobilize secretions in the airways.,0.5408600838821164
What are the common indications for IV therapy?,[],"Common indications include fever, dehydration, shock, and blood transfusions.","Fluid resuscitation, medication administration, and blood transfusions.",0.6953693849155352
How many people are affected by lymphedema-distichiasis syndrome ?,[],"Lymphedema-distichiasis syndrome is an extremely rare disorder, affecting only about 1 in 50,000 individuals worldwide.","The prevalence of lymphedema-distichiasis syndrome is unknown. Because the extra eyelashes can be overlooked during a medical examination, researchers believe that some people with this condition may be misdiagnosed as having lymphedema only.",0.8961317351124308
Why is skin temperature important in a vascular assessment?,[],It helps determine if there's an abnormality in blood flow or perfusion.,"Cold skin suggests decreased blood flow, while warm skin may indicate inflammation or infection.",0.3771157326138193
What causes Goodpasture Syndrome ?,[],"Goodpasture syndrome is caused by an autoimmune disorder in which the body's immune system attacks the lungs, kidneys, or liver. The exact cause of this condition is unknown.","The causes of Goodpasture syndrome are not fully understood. People who smoke or use hair dyes appear to be at increased risk for this condition. Exposure to hydrocarbon fumes, metallic dust, and certain drugs, such as cocaine, may also raise a persons risk. Genetics may also play a part, as a small number of cases have been reported in more than one family member.",0.0
What causes Chiari malformation type 1 ?,[],"Chiari malformation type 1 is caused by an abnormality in the cerebellar tonsils, which are structures that support the brainstem. The cerebellum is part of the brainstem and plays a crucial role in motor control and coordination. In Chiari malformation type 1, the cerebellar tonsils become displaced or abnormally positioned, leading to structural abnormalities within the cerebellum.","What causes Chiari malformation type 1? Primary or congenital Chiari malformations are caused by structural defects in the brain and spinal cord that occur during fetal development. The underlying cause of the structural defects are not completely understood, but may involve genetic mutations or lack of proper vitamins or nutrients in the maternal diet. Less frequently, Chiari malformation type 1 is acquired after birth. Causes of acquired Chiari malformation type 1 involve the excessive draining of spinal fluid from the lumbar or thoracic areas of the spine as a result of injury, exposure to harmful substances, or infection. Click here to view a diagram of the spine.",0.9910368877821432
How does inadequate leadership contribute to adverse events?,[],"Inadequate leadership can lead to poor communication, lack of support, and ineffective decision-making, all contributing to adverse events.","Inadequate leadership can contribute to adverse events by failing to support event reporting, neglecting staff concerns, allowing intimidation, and not implementing safety recommendations.",0.8416298753677377
What are high-touch surfaces in a hospital setting?,[],"High-touch surfaces like doorknobs, countertops, and door handles have higher contact rates with patients and healthcare workers.","Bed rails, doorknobs, light switches, and medical equipment that require frequent disinfection.",0.7476778693366836
What should be done before removing the catheter?,[],"Ensure the patient is awake, stable, and comfortable before removal.",Remove the securement device from the upper thigh.,0.5597072659128423
What is status epilepticus?,[],"A severe, uncontrolled seizure that lasts more than 30 minutes or occurs repeatedly without response to treatment.",A prolonged seizure lasting more than 5 minutes that requires emergency treatment.,0.9533888402235275
What are the genetic changes related to chronic granulomatous disease ?,[],"Chronic granulomatous disease is caused by mutations in the GBA gene. This gene provides instructions for making an enzyme called glucocerebrosidase, which breaks down a type of sugar called glucosamine. Glucosamine is found in certain proteins that help build bones and teeth. The enzyme glucocerebrosidase helps break down this sugar so it can be used as building blocks for new bone and tooth tissue. Mutations in the GBA gene cause chronic granulomatous disease when the enzyme cannot function properly. Without functioning glucocerebrosidase, glucosamine accumulates in cells throughout the body, particularly in blood cells. Over time, these cells become abnormal and form clumps (called granules) that block blood flow. These clots can lead to serious health problems such as stroke or heart attack.","Mutations in the CYBA, CYBB, NCF1, NCF2, or NCF4 gene can cause chronic granulomatous disease. There are five types of this condition that are distinguished by the gene that is involved. The proteins produced from the affected genes are parts (subunits) of an enzyme complex called NADPH oxidase, which plays an essential role in the immune system. Specifically, NADPH oxidase is primarily active in immune system cells called phagocytes. These cells catch and destroy foreign invaders such as bacteria and fungi. Within phagocytes, NADPH oxidase is involved in the production of a toxic molecule called superoxide. Superoxide is used to generate other toxic substances, which play a role in killing foreign invaders and preventing them from reproducing in the body and causing illness. NADPH oxidase is also thought to regulate the activity of immune cells called neutrophils. These cells play a role in adjusting the inflammatory response to optimize healing and reduce injury to the body. Mutations in the CYBA, CYBB, NCF1, NCF2, and NCF4 genes result in the production of proteins with little or no function or the production of no protein at all. Mutations in the genes that cause chronic granulomatous disease that prevent the production of any functional protein are designated ""0"". For example, mutations in the CYBB gene that lead to no functional beta chain are designated CYBB0. Mutations that lead to a reduction of the amount of protein produced are designated ""-"", for example, CYBB-. Without any one of its subunit proteins, NADPH oxidase cannot assemble or function properly. As a result, phagocytes are unable to kill foreign invaders and neutrophil activity is not regulated. A lack of NADPH oxidase leaves affected individuals vulnerable to many types of infection and excessive inflammation. Some people with chronic granulomatous disease do not have an identified mutation in any of these genes. The cause of the condition in these individuals is unknown.",0.7983391342794965
How does tiotropium differ from ipratropium in duration of action?,[],Tiotropium is longer-lasting than ipratropium.,"Tiotropium lasts 24 hours, whereas ipratropium lasts 6-8 hours.",0.960765684252403
What does purulent drainage indicate?,[],Purulent drainage suggests an infection or inflammation in the urinary tract.,"Thick, opaque, yellow, green, or brown exudate indicating infection.",0.8739044549621984
How can emotional support help patients experiencing anorexia and cachexia?,[],It helps them cope with the physical symptoms of starvation and loss of muscle mass.,"Validating feelings, reducing anxiety about eating, and focusing on quality over quantity.",0.4602054528373258
A patient with a hospital-acquired infection is prescribed aztreonam. What is a key nursing action?,[],Monitor for signs of antibiotic resistance and adjust therapy accordingly.,Ensure the infection is caused by gram-negative bacteria.,0.4400503252208378
What are the treatments for isolated Duane retraction syndrome ?,[],"These symptoms may be treated with surgery to correct the underlying cause of the condition, such as ankylosing spondylitis or osteoarthritis.",These resources address the diagnosis or management of isolated Duane retraction syndrome: - Gene Review: Gene Review: Duane Syndrome - Genetic Testing Registry: Duane's syndrome - MedlinePlus Encyclopedia: Extraocular Muscle Function Testing These resources from MedlinePlus offer information about the diagnosis and management of various health conditions: - Diagnostic Tests - Drug Therapy - Surgery and Rehabilitation - Genetic Counseling - Palliative Care,0.3496787891012741
What is (are) Gaucher Disease ?,[],"Gaucher disease is an inherited disorder that affects bone marrow, blood cells, and brain function. It results from mutations in the GBA gene. Symptoms vary depending on which part of the body is affected. In some cases, symptoms may be mild or not present at all. The most common signs and symptoms include: - Abnormalities of the bone marrow - Abnormality of red blood cells - Abnormality of white blood cells - Abnormality of platelets - Abnormality of the spleen - Abnormality of the liver - Abnormality of the kidneys - Abnormality of the heart - Abnormality of the lungs - Abnormality of the nervous system - Abnormality of the digestive tract - Abnormality of the skin - Abnormality of the teeth - Abnormality of the eyesight - Abnormality of the ears - Abnormality of the urinary tract - Abnormality of the bladder - Abnormality of the intestines - Abnormality of the heart valves - Abnormality of the heart valves - Abnormality of the lungs - Abnormality of the kidneys - Abnormality of the liver - Abnormality of the spleen - Abnormality of the thyroid gland - Abnormality of the ovaries - Abnormality of the uterus - Abnormality of the testes - Abnormality of the pancreas - Abnormality of the adrenal glands - Abnormality of the thymus -","Gaucher disease is a rare, inherited disorder in which you do not have enough of an enzyme called glucocerebrosidase. This causes too much of a fatty substance to build up in your spleen, liver, lungs, bones and, sometimes, your brain. This prevents these organs from working properly. There are three types: - Type 1, the most common form, causes liver and spleen enlargement, bone pain and broken bones, and, sometimes, lung and kidney problems. It does not affect the brain. It can occur at any age. - Type 2, which causes severe brain damage, appears in infants. Most children who have it die by age 2. - In type 3, there may be liver and spleen enlargement. The brain is gradually affected. It usually starts in childhood or adolescence. Gaucher disease has no cure. Treatment options for types 1 and 3 include medicine and enzyme replacement therapy, which is usually very effective. There is no good treatment for the brain damage of types 2 and 3. NIH: National Institute of Neurological Disorders and Stroke",0.7849253849940457
How to prevent Diabetic Neuropathies: The Nerve Damage of Diabetes ?,[],"Preventive measures include diet, exercise, and blood glucose control.",The best way to prevent neuropathy is to keep blood glucose levels as close to the normal range as possible. Maintaining safe blood glucose levels protects nerves throughout the body.,0.3569029477987349
What causes Endocarditis ?,[],Endocarditis is caused by bacteria that enter the bloodstream and multiply in the heart's inner lining.,"Infective endocarditis (IE) occurs if bacteria, fungi, or other germs invade your bloodstream and attach to abnormal areas of your heart. Certain factors increase the risk of this happening.
                
A common underlying factor in IE is a structural heart defect, especially faulty heart valves. Usually your immune system will kill germs in your bloodstream. However, if your heart has a rough lining or abnormal valves, the invading germs can attach and multiply in the heart.
                
Other factors also can play a role in causing IE. Common activities, such as brushing your teeth or having certain dental procedures, can allow bacteria to enter your bloodstream. This is even more likely to happen if your teeth and gums are in poor condition.
                
Having a catheter (tube) or another medical device inserted through your skin, especially for long periods, also can allow bacteria to enter your bloodstream. People who use intravenous (IV) drugs also are at risk for IE because of the germs on needles and syringes.
                
Bacteria also may spread to the blood and heart from infections in other parts of the body, such as the gut, skin, or genitals.
                
Endocarditis Complications
                
As the bacteria or other germs multiply in your heart, they form clumps with other cells and matter found in the blood. These clumps are called vegetations (vej-eh-TA-shuns).
                
As IE worsens, pieces of the vegetations can break off and travel to almost any other organ or tissue in the body. There, the pieces can block blood flow or cause a new infection. As a result, IE can cause a range of complications.
                
Heart Complications
                
Heart problems are the most common complication of IE. They occur in one-third to one-half of all people who have the infection. These problems may include a new heart murmur, heart failure, heart valve damage, heart block, or, rarely, a heart attack.
                
Central Nervous System Complications
                
These complications occur in as many as 20 to 40 percent of people who have IE. Central nervous system complications most often occur when bits of the vegetation, called emboli (EM-bo-li), break away and lodge in the brain.
                
The emboli can cause local infections called brain abscesses. Or, they can cause a more widespread brain infection called meningitis (men-in-JI-tis).
                
Emboli also can cause strokes or seizures. This happens if they block blood vessels or affect the brain's electrical signals. These complications can cause long-term damage to the brain and may even be fatal.
                
Complications in Other Organs
                
IE also can affect other organs in the body, such as the lungs, kidneys, and spleen.
                
Lungs. The lungs are especially at risk when IE affects the right side of the heart. This is called right-sided infective endocarditis.
                
A vegetation or blood clot going to the lungs can cause a pulmonary embolism (PE) and lung damage. A PE is a sudden blockage in a lung artery.
                
Other lung complications include pneumonia and a buildup of fluid or pus around the lungs.
                
Kidneys. IE can cause kidney abscesses and kidney damage. The infection also can inflame the internal filtering structures of the kidneys.
                
Signs and symptoms of kidney complications include back or side pain, blood in the urine, or a change in the color or amount of urine. In some cases, IE can cause kidney failure.
                
Spleen. The spleen is an organ located in the left upper part of the abdomen near the stomach. In some people who have IE, the spleen enlarges (especially in people who have long-term IE). Sometimes emboli also can damage the spleen.
                
Signs and symptoms of spleen problems include pain or discomfort in the upper left abdomen and/or left shoulder, a feeling of fullness or the inability to eat large meals, and hiccups.",0.9823687892771398
How to diagnose Nonalcoholic steatohepatitis ?,[],"Diagnosis is typically based on clinical presentation, physical exam findings, and laboratory tests.","How is nonalcoholic steatohepatitis diagnosed? NASH is usually first suspected when elevations are noted in liver tests that are included in routine blood test panels. These may include alanine aminotransferase (ALT) or aspartate aminotransferase (AST). When further evaluation shows no apparent reason for liver disease (such as medications, viral hepatitis, or excessive use of alcohol) and when x-rays or imaging studies of the liver show fat, NASH is suspected. The only way to definitely diagnosis NASH and separate it from simple fatty liver is through a liver biopsy. For a liver biopsy, a needle is inserted through the skin to remove a small piece of the liver. NASH is diagnosed when examination of the tissue with a microscope shows fat along with inflammation and damage to liver cells. If the tissue shows fat without inflammation and damage, simple fatty liver or NAFLD is diagnosed. An important piece of information learned from the biopsy is whether scar tissue has developed in the liver. Blood tests and scans cannot reliably provide this information at this time.",0.4234613410337522
What is (are) Buschke-Ollendorff syndrome ?,[],"Buschke-Ollendorff syndrome is an autosomal dominant disorder characterized by progressive hearing loss, vision impairment, and intellectual disability. The condition affects males more frequently than females. Symptoms typically begin in childhood or adolescence and may include hearing loss that becomes progressively worse over time, difficulty with speech and language development, and learning difficulties. Vision problems can also occur. In some cases, the signs and symptoms of Buschke-Ollendorff syndrome appear before birth.","Buschke-Ollendorff syndrome is a hereditary disorder of connective tissues, which are tissues that provide strength and flexibility to structures throughout the body. Specifically, the condition is characterized by skin growths called connective tissue nevi and a bone abnormality known as osteopoikilosis. Connective tissue nevi are small, noncancerous lumps on the skin. They tend to appear in childhood and are widespread in people with Buschke-Ollendorff syndrome. The most common form of these nevi are elastomas, which are made up of a type of stretchy connective tissue called elastic fibers. Less commonly, affected individuals have nevi called collagenomas, which are made up of another type of connective tissue called collagen. Osteopoikilosis, which is from the Greek words for ""spotted bones,"" is a skeletal abnormality characterized by small, round areas of increased bone density that appear as brighter spots on x-rays. Osteopoikilosis usually occurs near the ends of the long bones of the arms and legs, and in the bones of the hands, feet, and pelvis. The areas of increased bone density appear during childhood. They do not cause pain or other health problems.",0.8696328805952396
Why are MAOIs rarely prescribed?,[],"They can cause severe liver damage, which is why they are rarely used.",They require strict dietary restrictions to avoid hypertensive crisis and have serious drug interactions.,0.5635673501477568
What is (are) prion disease ?,[],"Prion diseases are neurodegenerative disorders caused by misfolded proteins that form prions, which can cause brain damage. Prions are infectious proteins that can be found in many animal tissues including nerve cells, muscle tissue, and blood. The most common type of prion disease is Creutzfeldt-Jakob disease (CJD), which affects about 10% of people over age 65. Other types include familial lissencephalitis, progressive multifocal leukoencephalopathy (PML), and spinocerebellar ataxia. Prion diseases are rare; only one person has been identified with CJD. Prion diseases are characterized by progressive cognitive decline, memory loss, personality changes, and behavioral problems. Treatment for these conditions involves supportive care and may involve medications to control symptoms or prevent further progression.","Prion disease represents a group of conditions that affect the nervous system in humans and animals. In people, these conditions impair brain function, causing changes in memory, personality, and behavior; a decline in intellectual function (dementia); and abnormal movements, particularly difficulty with coordinating movements (ataxia). The signs and symptoms of prion disease typically begin in adulthood and worsen with time, leading to death within a few months to several years.",0.9211136207654602
What is ADOPIE in nursing practice?,[],"Adaptive, Durable, Individualized, Patient-centered, Evidence-based, Integrated, Palliative, and Interdisciplinary approach to patient care.",A framework for patient-centered care.,0.4285280424073244
What are the signs of healthy granulation tissue?,[],"The skin is soft, moist, and elastic.","Pink, moist, bumpy, and non-painful tissue.",0.4672085043792126
What is (are) Acute Myeloid Leukemia ?,[],"Acute myeloid leukemia (AML), also known as acute myelogenous leukemia, is a type of blood cancer that affects bone marrow. It occurs when abnormal white blood cells called myeloblasts form in the bone marrow. These myeloblasts transform into more mature white blood cells over time. The most common types of AML are chronic myeloid leukemia (CML) and acute monocytic leukemia (AML).","Leukemia is cancer of the white blood cells. White blood cells help your body fight infection. Your blood cells form in your bone marrow. In leukemia, however, the bone marrow produces abnormal white blood cells. These cells crowd out the healthy blood cells, making it hard for blood to do its work. In acute myeloid leukemia (AML), there are too many of a specific type of white blood cell called a myeloblast. AML is the most common type of acute leukemia in adults. This type of cancer usually gets worse quickly if it is not treated. Possible risk factors include smoking, previous chemotherapy treatment, and exposure to radiation. Symptoms of AML include: - Fever - Shortness of breath - Easy bruising or bleeding - Bleeding under the skin - Weakness or feeling tired - Weight loss or loss of appetite Tests that examine the blood and bone marrow diagnose AML. Treatments include chemotherapy, other drugs, radiation therapy, stem cell transplants, and targeted therapy. Targeted therapy uses substances that attack cancer cells without harming normal cells. Once the leukemia is in remission, you need additional treatment to make sure that it does not come back. NIH: National Cancer Institute",0.883384244395048
What are the symptoms of Neonatal hemochromatosis ?,[],"Symptoms of neonatal hemochromatosis can vary widely, but may include jaundice, hepatosplenomegaly, and anemia.","What are the signs and symptoms of Neonatal hemochromatosis? The Human Phenotype Ontology provides the following list of signs and symptoms for Neonatal hemochromatosis. If the information is available, the table below includes how often the symptom is seen in people with this condition. You can use the MedlinePlus Medical Dictionary to look up the definitions for these medical terms. Signs and Symptoms Approximate number of patients (when available) Abnormal localization of kidney 90% Anteverted nares 90% Aplasia/Hypoplasia of the nipples 90% Blepharophimosis 90% Congenital hepatic fibrosis 90% Hypoglycemia 90% Abnormal bleeding - Autosomal recessive inheritance - Cholestasis - Cirrhosis - Congenital onset - Hepatic failure - Hepatic fibrosis - Hepatocellular necrosis - Increased serum ferritin - Increased serum iron - Intrauterine growth retardation - Nonimmune hydrops fetalis - Oligohydramnios - Prolonged neonatal jaundice - Rapidly progressive - The Human Phenotype Ontology (HPO) has collected information on how often a sign or symptom occurs in a condition. Much of this information comes from Orphanet, a European rare disease database. The frequency of a sign or symptom is usually listed as a rough estimate of the percentage of patients who have that feature. The frequency may also be listed as a fraction. The first number of the fraction is how many people had the symptom, and the second number is the total number of people who were examined in one study. For example, a frequency of 25/25 means that in a study of 25 people all patients were found to have that symptom. Because these frequencies are based on a specific study, the fractions may be different if another group of patients are examined. Sometimes, no information on frequency is available. In these cases, the sign or symptom may be rare or common.",1.0
What alternative antibiotics can be used if a patient is allergic to cephalosporins?,[],"Penicillin G, amoxicillin, or ceftriaxone may be used instead.","Macrolides, fluoroquinolones, and carbapenems may be alternatives.",0.7286506666817951
What is the outlook for Alzheimer's Disease ?,[],"Alzheimer's disease is a progressive brain disorder that affects memory, thinking skills, and behavior. The condition progresses slowly at first but can become more severe over time. Treatment options include medications, lifestyle changes, and support groups.","In very few families, people develop AD in their 30s, 40s, and 50s. This is known as ""early onset"" AD. These individuals have a mutation in one of three different inherited genes that causes the disease to begin at an earlier age. More than 90 percent of AD develops in people older than 65. This form of AD is called ""late-onset"" AD, and its development and pattern of damage in the brain is similar to that of early-onset AD. The course of this disease varies from person to person, as does the rate of decline. In most people with AD, symptoms first appear after age 65. We don't yet completely understand the causes of late-onset AD, but they probably include genetic, environmental, and lifestyle factors. Although the risk of developing AD increases with age, AD and dementia symptoms are not a part of normal aging. There are also some forms of dementia that aren't related to brain diseases such as AD, but are caused by systemic abnormalities such as metabolic syndrome, in which the combination of high blood pressure, high cholesterol, and diabetes causes confusion and memory loss.",0.756186403249365
Why is flexibility important in providing spiritual care?,[],"Flexibility allows for adapting to different cultural beliefs, practices, and religious traditions.",Because each patient has unique beliefs and needs.,0.4515003533139805
Which class of medications is used for COPD but must be used cautiously in glaucoma?,[],"Budesonide, which can cause optic atrophy.","Bronchodilators (e.g., ipratropium, tiotropium)",0.3257760368188845
How can nurses protect the periwound skin from maceration?,[],"By using sterile dressings, keeping the wound clean, and avoiding prolonged exposure to moisture.",Use skin barrier creams or moisture-retentive dressings.,0.4246688320991481
What should a nurse do if a patient taking an antihypertensive medication experiences dizziness upon standing?,[],The patient should sit or lie down for 10 minutes before standing to prevent falls.,Advise the patient to rise slowly to prevent orthostatic hypotension.,0.4988065148824953
What is the difference between an anticoagulant and a thrombolytic agent?,[],"Anticoagulants prevent blood clot formation, while thrombolysates dissolve existing clots.",Anticoagulants prevent clots; thrombolytics dissolve existing clots.,0.908712211137962
What are the treatments for Adult Soft Tissue Sarcoma ?,[],"These treatments may be used to treat adult soft tissue sarcoma: Surgery - The goal of surgery is to remove all or as much of the tumor as possible, while preserving as much normal tissue as possible. This can be difficult because tumors often spread through the blood system. Chemotherapy - Chemotherapy drugs are given by mouth (oral) or intravenously (IV). They kill cancer cells in the body. Radiation therapy - Radiation therapy uses high-energy x-rays or other types of radiation to destroy cancer cells. It can also help relieve symptoms. Some people may need both chemotherapy and radiation therapy. Targeted therapy - Targeted therapy is a type of medicine that targets specific cancers with certain genes or proteins. It works by stopping the growth of cancer cells. Newer targeted therapies include Herceptin and Trastuzumab. These medicines target HER2-positive breast cancer. Other new targeted therapies are being tested in clinical trials. Clinical trials are research studies that try new treatments on patients. Each trial has different goals. For example, some want to find out if a treatment is safe and effective. Others want to learn more about the treatment and its side effects. NIH Clinical Trials Network (NCI) 1003-4897","Key Points - There are different types of treatment for patients with adult soft tissue sarcoma. - Three types of standard treatment are used: - Surgery - Radiation therapy - Chemotherapy - New types of treatment are being tested in clinical trials. - Regional chemotherapy - Treatment for adult soft tissue sarcoma may cause side effects. - Patients may want to think about taking part in a clinical trial. - Patients can enter clinical trials before, during, or after starting their cancer treatment. - Follow-up tests may be needed. There are different types of treatment for patients with adult soft tissue sarcoma. Different types of treatments are available for patients with adult soft tissue sarcoma. Some treatments are standard (the currently used treatment), and some are being tested in clinical trials. A treatment clinical trial is a research study meant to help improve current treatments or obtain information on new treatments for patients with cancer. When clinical trials show that a new treatment is better than the standard treatment, the new treatment may become the standard treatment. Patients may want to think about taking part in a clinical trial. Some clinical trials are open only to patients who have not started treatment. Three types of standard treatment are used: Surgery Surgery is the most common treatment for adult soft tissue sarcoma. For some soft-tissue sarcomas, removal of the tumor in surgery may be the only treatment needed. The following surgical procedures may be used: - Mohs microsurgery: A procedure in which the tumor is cut from the skin in thin layers. During surgery, the edges of the tumor and each layer of tumor removed are viewed through a microscope to check for cancer cells. Layers continue to be removed until no more cancer cells are seen. This type of surgery removes as little normal tissue as possible and is often used where appearance is important, such as on the skin. - Wide local excision: Removal of the tumor along with some normal tissue around it. For tumors of the head, neck, abdomen, and trunk, as little normal tissue as possible is removed. - Limb-sparing surgery: Removal of the tumor in an arm or leg without amputation, so the use and appearance of the limb is saved. Radiation therapy or chemotherapy may be given first to shrink the tumor. The tumor is then removed in a wide local excision. Tissue and bone that are removed may be replaced with a graft using tissue and bone taken from another part of the patient's body, or with an implant such as artificial bone. - Amputation: Surgery to remove part or all of a limb or appendage, such as an arm or leg. Amputation is rarely used to treat soft tissue sarcoma of the arm or leg. - Lymphadenectomy: A surgical procedure in which lymph nodes are removed and a sample of tissue is checked under a microscope for signs of cancer. This procedure is also called a lymph node dissection. Radiation therapy or chemotherapy may be given before or after surgery to remove the tumor. When given before surgery, radiation therapy or chemotherapy will make the tumor smaller and reduce the amount of tissue that needs to be removed during surgery. Treatment given before surgery is called neoadjuvant therapy. When given after surgery, radiation therapy or chemotherapy will kill any remaining cancer cells. Treatment given after the surgery, to lower the risk that the cancer will come back, is called adjuvant therapy. Radiation therapy Radiation therapy is a cancer treatment that uses high-energy x-rays or other types of radiation to kill cancer cells or keep them from growing. There are two types of radiation therapy: - External radiation therapy uses a machine outside the body to send radiation toward the cancer. - Internal radiation therapy uses a radioactive substance sealed in needles, seeds, wires, or catheters that are placed directly into or near the cancer. Intensity-modulated radiation therapy (IMRT) is a type of 3-dimensional (3-D) radiation therapy that uses a computer to make pictures of the size and shape of the tumor. Thin beams of radiation of different intensities (strengths) are aimed at the tumor from many angles. This type of external radiation therapy causes less damage to nearby healthy tissue and is less likely to cause dry mouth, trouble swallowing, and damage to the skin. The way the radiation therapy is given depends on the type and stage of the cancer being treated. External radiation therapy and internal radiation therapy may be used to treat adult soft tissue sarcoma. Chemotherapy Chemotherapy is a cancer treatment that uses drugs to stop the growth of cancer cells, either by killing the cells or by stopping them from dividing. When chemotherapy is taken by mouth or injected into a vein or muscle, the drugs enter the bloodstream and can reach cancer cells throughout the body (systemic chemotherapy). The way the chemotherapy is given depends on the type and stage of the cancer being treated. See Drugs Approved for Soft Tissue Sarcoma for more information. New types of treatment are being tested in clinical trials. This summary section describes treatments that are being studied in clinical trials. It may not mention every new treatment being studied. Information about clinical trials is available from the NCI website. Regional chemotherapy Clinical trials are studying ways to improve the effect of chemotherapy on tumor cells, including the following: - Regional hyperthermia therapy: A treatment in which tissue around the tumor is exposed to high temperatures to damage and kill cancer cells or to make cancer cells more sensitive to chemotherapy. - Isolated limb perfusion: A procedure that sends chemotherapy directly to an arm or leg in which the cancer has formed. The flow of blood to and from the limb is temporarily stopped with a tourniquet, and anticancer drugs are put directly into the blood of the limb. This sends a high dose of drugs to the tumor. Treatment for adult soft tissue sarcoma may cause side effects. For information about side effects caused by treatment for cancer, see our Side Effects page. Patients may want to think about taking part in a clinical trial. For some patients, taking part in a clinical trial may be the best treatment choice. Clinical trials are part of the cancer research process. Clinical trials are done to find out if new cancer treatments are safe and effective or better than the standard treatment. Many of today's standard treatments for cancer are based on earlier clinical trials. Patients who take part in a clinical trial may receive the standard treatment or be among the first to receive a new treatment. Patients who take part in clinical trials also help improve the way cancer will be treated in the future. Even when clinical trials do not lead to effective new treatments, they often answer important questions and help move research forward. Patients can enter clinical trials before, during, or after starting their cancer treatment. Some clinical trials only include patients who have not yet received treatment. Other trials test treatments for patients whose cancer has not gotten better. There are also clinical trials that test new ways to stop cancer from recurring (coming back) or reduce the side effects of cancer treatment. Clinical trials are taking place in many parts of the country. See the Treatment Options section that follows for links to current treatment clinical trials. These have been retrieved from NCI's listing of clinical trials. Follow-up tests may be needed. Some of the tests that were done to diagnose the cancer or to find out the stage of the cancer may be repeated. Some tests will be repeated in order to see how well the treatment is working. Decisions about whether to continue, change, or stop treatment may be based on the results of these tests. Some of the tests will continue to be done from time to time after treatment has ended. The results of these tests can show if your condition has changed or if the cancer has recurred (come back). These tests are sometimes called follow-up tests or check-ups. Treatment Options for Adult Soft Tissue Sarcoma Stage I Adult Soft Tissue Sarcoma Treatment of stage I soft tissue sarcoma may include the following: - Surgery to remove the tumor, such as Mohs microsurgery for small sarcomas of the skin, wide local excision, or limb-sparing surgery. - Radiation therapy before and/or after surgery. Check the list of NCI-supported cancer clinical trials that are now accepting patients with stage I adult soft tissue sarcoma. For more specific results, refine the search by using other search features, such as the location of the trial, the type of treatment, or the name of the drug. Talk with your doctor about clinical trials that may be right for you. General information about clinical trials is available from the NCI website. Stage II Adult Soft Tissue Sarcoma and Stage III Adult Soft Tissue Sarcoma That Has Not Spread to Lymph Nodes Treatment of stage II adult soft tissue sarcoma and stage III adult soft tissue sarcoma that has not spread to lymph nodes may include the following: - Surgery to remove the tumor, such as wide local excision or limb-sparing surgery. - Radiation therapy before or after surgery. - Radiation therapy or chemotherapy before limb-sparing surgery. Radiation therapy may also be given after surgery. - High-dose radiation therapy for tumors that cannot be removed by surgery. Check the list of NCI-supported cancer clinical trials that are now accepting patients with stage II adult soft tissue sarcoma and stage III adult soft tissue sarcoma. For more specific results, refine the search by using other search features, such as the location of the trial, the type of treatment, or the name of the drug. Talk with your doctor about clinical trials that may be right for you. General information about clinical trials is available from the NCI website. Stage III Adult Soft Tissue Sarcoma That Has Spread to Lymph Nodes (Advanced) Treatment of stage III adult soft tissue sarcoma that has spread to lymph nodes (advanced) may include the following: - Surgery (wide local excision) with lymphadenectomy. Radiation therapy may also be given after surgery. - A clinical trial of surgery followed by chemotherapy. - A clinical trial of regional hyperthermia therapy. Check the list of NCI-supported cancer clinical trials that are now accepting patients with stage III adult soft tissue sarcoma. For more specific results, refine the search by using other search features, such as the location of the trial, the type of treatment, or the name of the drug. Talk with your doctor about clinical trials that may be right for you. General information about clinical trials is available from the NCI website. Stage IV Adult Soft Tissue Sarcoma Treatment of stage IV adult soft tissue sarcoma may include the following: - Chemotherapy. - Surgery to remove cancer that has spread to the lungs. Check the list of NCI-supported cancer clinical trials that are now accepting patients with stage IV adult soft tissue sarcoma. For more specific results, refine the search by using other search features, such as the location of the trial, the type of treatment, or the name of the drug. Talk with your doctor about clinical trials that may be right for you. General information about clinical trials is available from the NCI website.",0.9818538778636022
Why is Theophylline use declining in clinical practice?,[],It has been replaced by other drugs like Propranolol for treating asthma.,"Its complex dosing, drug interactions, and side effects have led to reduced use.",0.3973295126959824
How many people are affected by mitochondrial membrane protein-associated neurodegeneration ?,[],"Mitochondrial membrane protein-associated neurodegenerative diseases affect an estimated 1 in 50,000 to 100,000 individuals worldwide.",MPAN is a rare condition that is estimated to affect less than 1 in 1 million people.,0.8332340203821849
What is the purpose of using a 0-10 pain scale?,[],"To measure pain intensity on a numerical scale from 0 to 10, which can be interpreted as mild, moderate, or severe.","It helps screen patients for pain severity, with 0 being no pain and 10 being the worst pain imaginable.",0.5816196002571212
What causes Denys-Drash syndrome ?,[],"Denys-Drash syndrome is caused by mutations in the TET2 gene. This gene provides instructions for making a protein that helps regulate the activity of other genes. The TET2 protein plays an important role in controlling how certain genes become active or inactive, which can affect the development and function of cells throughout the body. In particular, it controls the expression of a specific type of cell death called apoptosis. Apoptosis is a process where cells die to help prevent the growth and division of abnormal cells. When apoptosis occurs too frequently, it can lead to the accumulation of abnormal cells, which can cause damage to tissues and organs. TET2 gene mutations that result in the production of a dysfunctional TET2 protein impair the normal functioning of this protein's ability to control apoptosis. As a result, cells accumulate abnormally during the development of the brain and other tissues, leading to the characteristic features of Denys-Drash syndrome.","What causes Denys-Drash syndrome? Denys-Drash syndrome is caused by mutations in the WT1 gene. This gene provides instructions for making a protein (the WT1 protein) that regulates the activity of other genes by attaching (binding) to specific regions of DNA. The WT1 protein plays a role in the development of the kidneys and gonads (ovaries in females and testes in males) before birth. The WT1 gene mutations that cause Denys-Drash syndrome lead to the production of an abnormal protein that cannot bind to DNA. As a result, the activity of certain genes is unregulated, which impairs the development of the kidneys and reproductive organs. Abnormal development of these organs leads to diffuse glomerulosclerosis (where scar tissue forms throughout glomeruli, the tiny blood vessels in the kidney that filter waste from blood) and gonadal dysgenesis, which are characteristic features of Denys-Drash syndrome. The abnormal gene activity caused by the loss of normal WT1 protein also increases the risk of developing Wilms tumor in affected individuals.",0.9894477792804414
What unusual side effect is associated with carbidopa/levodopa?,[],"Dizziness, vertigo, or tinnitus.","Dark red, brown, or black discoloration in saliva, urine, or sweat.",0.2779883361855895
What does postural instability in gait testing suggest?,[],"Postural instability suggests an abnormal balance or coordination issue that may be related to neurological disorders such as Parkinson's disease, stroke, or spinal cord injuries.",Cerebellar dysfunction or Parkinsonian gait disorder.,0.7794384266623064
How many people are affected by van der Woude syndrome ?,[],"Van der Woude syndrome is an extremely rare condition, affecting approximately 1 in 20,000 to 30,000 individuals worldwide.","Van der Woude syndrome is believed to occur in 1 in 35,000 to 1 in 100,000 people, based on data from Europe and Asia. Van der Woude syndrome is the most common cause of cleft lip and palate resulting from variations in a single gene, and this condition accounts for approximately 1 in 50 such cases.",0.9188396963470098
Which adrenergic receptor decreases CNS activity and blood pressure?,[],Alpha-adrenergic receptors decrease CNS activity and blood pressure.,Alpha-2 receptor,0.9075956575419374
What critical respiratory conditions should be reported immediately?,[],"Severe hypoxia, cyanosis, tachycardia, or respiratory distress.","Decreased oxygen saturation, worsening dyspnea, pain, and changes in consciousness (e.g., restlessness, irritability).",0.6952578152265104
What are the treatments for familial idiopathic basal ganglia calcification ?,[],"These conditions can be treated with surgery, radiation therapy, or medication.","These resources address the diagnosis or management of FIBGC: - Dystonia Medical Research Foundation: Treatments - Gene Review: Gene Review: Primary Familial Brain Calcification - Genetic Testing Registry: Basal ganglia calcification, idiopathic, 2 - Genetic Testing Registry: Basal ganglia calcification, idiopathic, 4 - Genetic Testing Registry: Idiopathic basal ganglia calcification 1 These resources from MedlinePlus offer information about the diagnosis and management of various health conditions: - Diagnostic Tests - Drug Therapy - Surgery and Rehabilitation - Genetic Counseling - Palliative Care",0.2243571007748442
What are the treatments for primary hyperoxaluria ?,[],"These disorders are treated with dietary changes, medications, and/or surgery.",These resources address the diagnosis or management of primary hyperoxaluria: - Gene Review: Gene Review: Primary Hyperoxaluria Type 1 - Gene Review: Gene Review: Primary Hyperoxaluria Type 2 - Gene Review: Gene Review: Primary Hyperoxaluria Type 3 - Genetic Testing Registry: Hyperoxaluria - Genetic Testing Registry: Primary hyperoxaluria These resources from MedlinePlus offer information about the diagnosis and management of various health conditions: - Diagnostic Tests - Drug Therapy - Surgery and Rehabilitation - Genetic Counseling - Palliative Care,0.5003936476819995
What is (are) Thrombotic Thrombocytopenic Purpura ?,[],"Thrombotic thrombocytopenic purpura (TTP), also known as TTP, is an autoimmune disorder that causes bleeding in small blood vessels. The condition usually affects children and young adults between ages 10 and 35 years. It can cause severe bleeding episodes, which may lead to internal bleeding or death. TTP is caused by antibodies against platelets, which are tiny blood cells that help stop bleeding. The immune system mistakenly attacks these platelets, leading to inflammation and bleeding. Symptoms of TTP include fever, joint pain, fatigue, and shortness of breath. Treatment typically involves medications to reduce the number of platelets and prevent further bleeding episodes.","Thrombotic thrombocytopenic purpura (TTP) is a rare blood disorder. In TTP, blood clots form in small blood vessels throughout the body.
                
The clots can limit or block the flow of oxygen-rich blood to the body's organs, such as the brain, kidneys, and heart. As a result, serious health problems can develop.
                
The increased clotting that occurs in TTP also uses up platelets (PLATE-lets) in the blood. Platelets are blood cell fragments that help form blood clots. These cell fragments stick together to seal small cuts and breaks on blood vessel walls and stop bleeding.
                
With fewer platelets available in the blood, bleeding problems can occur. People who have TTP may bleed inside their bodies, underneath the skin, or from the surface of the skin. When cut or injured, they also may bleed longer than normal.
                
""Thrombotic"" (throm-BOT-ik) refers to the blood clots that form. ""Thrombocytopenic"" (throm-bo-cy-toe-PEE-nick) means the blood has a lower than normal number of platelets. ""Purpura"" (PURR-purr-ah) refers to purple bruises caused by bleeding under the skin.
                
Bleeding under the skin also can cause tiny red or purple dots on the skin. These pinpoint-sized dots are called petechiae (peh-TEE-kee-ay). Petechiae may look like a rash.
                
Purpura and Petechiae
                

                
TTP also can cause red blood cells to break apart faster than the body can replace them. This leads to hemolytic anemia (HEE-moh-lit-ick uh-NEE-me-uh)a rare form of anemia. Anemia is a condition in which the body has a lower than normal number of red blood cells.
                
A lack of activity in the ADAMTS13 enzyme (a type of protein in the blood) causes TTP. The ADAMTS13 gene controls the enzyme, which is involved in blood clotting. The enzyme breaks up a large protein called von Willebrand factor that clumps together with platelets to form blood clots.
                
Types of Thrombotic Thrombocytopenic Purpura
                
The two main types of TTP are inherited and acquired. ""Inherited"" means the condition is passed from parents to children through genes. This type of TTP mainly affects newborns and children.
                
In inherited TTP, the ADAMTS13 gene is faulty and doesn't prompt the body to make a normal ADAMTS13 enzyme. As a result, enzyme activity is lacking or changed.
                
Acquired TTP is the more common type of the disorder. ""Acquired"" means you aren't born with the disorder, but you develop it. This type of TTP mostly occurs in adults, but it can affect children.
                
In acquired TTP, the ADAMTS13 gene isn't faulty. Instead, the body makes antibodies (proteins) that block the activity of the ADAMTS13 enzyme.
                
It's not clear what triggers inherited and acquired TTP, but some factors may play a role. These factors may include:
                
Some diseases and conditions, such as pregnancy, cancer, HIV, lupus, and infections
                
Some medical procedures, such as surgery and blood and marrow stem cell transplant
                
Some medicines, such as chemotherapy, ticlopidine, clopidogrel, cyclosporine A, and hormone therapy and estrogens
                
Quinine, which is a substance often found in tonic water and nutritional health products
                
If you have TTP, you may sometimes hear it referred to as TTPHUS. HUS, or hemolytic-uremic syndrome, is a disorder that resembles TTP, but is more common in children. Kidney problems also tend to be worse in HUS. Although some researchers think TTP and HUS are two forms of a single syndrome, recent evidence suggests that each has different causes.
                
Outlook
                
TTP is a rare disorder. It can be fatal or cause lasting damage, such as brain damage or a stroke, if it's not treated right away.
                
TTP usually occurs suddenly and lasts for days or weeks, but it can continue for months. Relapses (or flareups) can occur in up to 60 percent of people who have the acquired type of TTP. Many people who have inherited TTP have frequent flareups that need to be treated.
                
Treatments for TTP include infusions of fresh frozen plasma and plasma exchange, also called plasmapheresis (PLAZ-ma-feh-RE-sis). These treatments have greatly improved the outlook of the disorder.",0.8496042214854094
What is (are) Skin Cancer ?,[],"Skin cancer is a disease in which abnormal cells grow out of control, forming tumors. The most common types of skin cancer include basal cell carcinoma, squamous cell carcinoma, and melanoma. These cancers can occur anywhere on the body but are more likely to affect areas that have been sunburned or exposed to UV radiation.",Melanoma is the fastest growing and most invasive type of skin cancer. This cancer arises from overgrowth of melanocytes. Melanocytes are specialized skin cells that produce a pigment called melanin.,0.8225392997142327
What are the symptoms of Anencephaly ?,[],"The signs and symptoms of anencephaly can vary widely, depending on the type of anencephaly present. Some people have no signs or symptoms at all. Others may have mild symptoms such as developmental delay, intellectual disability, or seizures. More severe cases may include:

- Abnormal brain development (anencephaly)
- Intellectual disability
- Seizures

Some people with anencephaly also have other conditions that affect their brains. These include:

- Cerebral palsy: A disorder in which muscles do not work properly to control movement.
- Microcephaly: A condition in which the head is smaller than normal for its age.
- Hydrocephalus: A condition in which the fluid buildup in the ventricles of the brain causes pressure build-up.

Other features of anencephaly may include:

- Abnormal facial features
- Abnormal heart shape
- Abnormal kidney shape
- Abnormal liver shape
- Abnormal lung shape
- Abnormal tongue shape
- Abnormal teeth shape
- Abnormal skin color
- Abnormal hair color
- Abnormal fingernails and toenails
- Abnormal nails
- Abnormal bones
- Abnormal cartilage
- Abnormal bone marrow
- Abnormal blood vessels
- Abnormal heart valves
- Abnormal kidneys
- Abnormal lungs
- Abnormal liver
- Abnormal spleen
- Abnormal thyroid gland
- Abnormal adrenal glands","What are the signs and symptoms of Anencephaly? The Human Phenotype Ontology provides the following list of signs and symptoms for Anencephaly. If the information is available, the table below includes how often the symptom is seen in people with this condition. You can use the MedlinePlus Medical Dictionary to look up the definitions for these medical terms. Signs and Symptoms Approximate number of patients (when available) Anencephaly 90% Primary adrenal insufficiency 90% Spina bifida - The Human Phenotype Ontology (HPO) has collected information on how often a sign or symptom occurs in a condition. Much of this information comes from Orphanet, a European rare disease database. The frequency of a sign or symptom is usually listed as a rough estimate of the percentage of patients who have that feature. The frequency may also be listed as a fraction. The first number of the fraction is how many people had the symptom, and the second number is the total number of people who were examined in one study. For example, a frequency of 25/25 means that in a study of 25 people all patients were found to have that symptom. Because these frequencies are based on a specific study, the fractions may be different if another group of patients are examined. Sometimes, no information on frequency is available. In these cases, the sign or symptom may be rare or common.",0.9833535331947996
Is fragile X-associated tremor/ataxia syndrome inherited ?,[],"FARAS is an autosomal dominant disorder, which means it usually occurs in families with other genetic conditions.","An increased risk of developing FXTAS is inherited in an X-linked dominant pattern. The FMR1 gene is located on the X chromosome, one of the two sex chromosomes. (The Y chromosome is the other sex chromosome.) The inheritance is dominant because one copy of the altered gene in each cell is sufficient to elevate the risk of developing FXTAS. In females (who have two X chromosomes), a mutation in one of the two copies of the FMR1 gene in each cell can lead to the disorder. In males (who have only one X chromosome), a mutation in the only copy of the gene in each cell can result in the disorder. However, not all people who inherit an FMR1 premutation will develop FXTAS. In X-linked dominant disorders, males typically experience more severe symptoms than females. Fewer females than males develop FXTAS because the X chromosome that contains the premutation may be turned off (inactive) due to a process called X-inactivation. Early in embryonic development in females, one of the two X chromosomes is permanently inactivated in somatic cells (cells other than egg and sperm cells). X-inactivation ensures that females, like males, have only one active copy of the X chromosome in each body cell. Usually X-inactivation occurs randomly, so that each X chromosome is active in about half the body's cells. Sometimes X-inactivation is not random, and one X chromosome is active in more than half of cells. When X-inactivation does not occur randomly, it is called skewed X-inactivation. Researchers suspect that the distribution of active and inactive X chromosomes may help determine the severity of FXTAS in females or whether they develop signs and symptoms of the condition.",0.3239833696540977
Is 1p36 deletion syndrome inherited ?,[],"This condition is inherited in an autosomal recessive pattern, which means both copies of the gene in each cell have mutations. The parents of an individual with an autosomal recessive condition each carry one copy of the mutated gene, but they typically do not show signs or symptoms because the condition has few features.","Most cases of 1p36 deletion syndrome are not inherited. They result from a chromosomal deletion that occurs as a random event during the formation of reproductive cells (eggs or sperm) or in early fetal development. Affected people typically have no history of the disorder in their family. About 20 percent of people with 1p36 deletion syndrome inherit the chromosome with a deleted segment from an unaffected parent. In these cases, the parent carries a chromosomal rearrangement called a balanced translocation, in which no genetic material is gained or lost. Balanced translocations usually do not cause any health problems; however, they can become unbalanced as they are passed to the next generation. Children who inherit an unbalanced translocation can have a chromosomal rearrangement with extra or missing genetic material. Individuals with 1p36 deletion syndrome who inherit an unbalanced translocation are missing genetic material from the short arm of chromosome 1, which results in birth defects and other health problems characteristic of this disorder.",0.604300227623234
When should hand hygiene be performed in a healthcare setting?,[],"After contact with patients, before administering medications, after using personal protective equipment (PPE), and after handling contaminated items.","Before and after patient contact, before aseptic procedures, after exposure to bodily fluids, and after touching patient surroundings.",0.7338674770636499
Is methylmalonic acidemia with homocystinuria inherited ?,[],"This condition is inherited in an autosomal recessive pattern, which means both copies of the gene in each cell have mutations. The parents of an individual with an autosomal recessive condition each carry one copy of the mutated gene, but they typically do not show signs or symptoms of the condition.","Methylmalonic acidemia with homocystinuria is usually inherited in an autosomal recessive pattern, which means both copies of the gene in each cell have mutations. The parents of an individual with an autosomal recessive condition each carry one copy of the mutated gene, but they typically do not show signs and symptoms of the condition. When caused by mutations in the HCFC1 gene, the condition is inherited in an X-linked recessive pattern. The HCFC1 gene is located on the X chromosome, which is one of the two sex chromosomes. In males (who have only one X chromosome), one altered copy of the gene in each cell is sufficient to cause the condition. In females (who have two X chromosomes), a mutation would have to occur in both copies of the gene to cause the disorder. Because it is unlikely that females will have two altered copies of this gene, males are affected by X-linked recessive disorders much more frequently than females. A characteristic of X-linked inheritance is that fathers cannot pass X-linked traits to their sons.",0.5240799325548714
How is a concussion diagnosed?,[],"A diagnosis of concussion is based on clinical signs, neurological exam results, and imaging studies such as CT or MRI.","Neurological exam, cognitive tests, and imaging if severe symptoms are present.",0.887117454067907
What are the primary causes of urinary incontinence?,[],"Urinary incontinence can be caused by various factors including bladder dysfunction, nerve damage, or certain medications.","Weak pelvic muscles, nerve damage, and prostate issues.",0.9823708273409336
what research (or clinical trials) is being done for Kennedy's Disease ?,[],"The National Institute of Neurological Disorders and Stroke conducts research on Parkinson's disease, including studies to find new treatments for it.","The NINDS supports a broad spectrum of research on motor neuron diseases, such as Kennedy's disease. Much of this research is aimed at increasing scientific understanding of these diseases and, ultimately, finding ways to prevent, treat, and cure them.",0.5157050111467893
What are examples of behaviors that do not promote a culture of safety?,[],"Behaviors like smoking, drinking alcohol, or engaging in risky behavior can undermine safety norms.","Examples include punitive responses to errors, lack of transparency, reluctance to implement changes, and resistance to learning from past mistakes.",0.7919870899568652
How should abnormal respiratory patterns be documented?,[],"Abnormal breathing, wheezing, or breathlessness noted during physical examination.","Cheyne-Stokes, Kussmaul, or Biot’s respirations described along with underlying conditions.",0.3902318880176693
What types of safety devices can reduce needlestick injuries?,[],"Safety devices like sharps containers, gloves, and protective clothing can help prevent needlestick injuries.",Needleless systems and engineered safety devices with safety shields.,0.8343900684571307
What are the symptoms of Zunich neuroectodermal syndrome ?,[],What are the signs and symptoms of Zunich neuroectodermal syndrome? The Human Phenotype Ontology (HPO) provides the following list of signs and symptoms: - Intellectual disability - Mental retardation - Motor developmental delay - Pseudobulbar palsy - Speech impairment - Strabismus - Tardive dyskinesia - Visual impairment - Wernicke-Korsakoff syndrome - X-linked mental retardation - X-linked motor developmental delay - X-linked sensory-motor developmental delay - X-linked visual impairment - X-linked visual impairment - X-linked visual impairment - X-linked visual impairment - X-linked visual impairment - X-linked visual impairment - X-linked visual impairment - X-linked visual impairment - X-linked visual impairment - X-linked visual impairment - X-linked visual impairment - X-linked visual impairment - X-linked visual impairment - X-linked visual impairment - X-linked visual impairment - X-linked visual impairment - X-linked visual impairment - X-linked visual impairment - X-linked visual impairment - X-linked visual impairment - X-linked visual impairment - X-linked visual impairment - X-linked visual impairment - X-linked visual impairment - X-linked visual impairment - X-linked visual impairment - X-linked visual impairment - X-linked visual impairment - X-linked visual impairment - X-linked visual impairment - X-linked visual impairment - X-linked visual impairment - X-linked visual impairment - X-linked visual impairment - X-linked visual impairment - X-linked visual impairment - X-linked visual impairment - X-linked visual impairment - X-linked visual impairment - X,"What are the signs and symptoms of Zunich neuroectodermal syndrome? The Human Phenotype Ontology provides the following list of signs and symptoms for Zunich neuroectodermal syndrome. If the information is available, the table below includes how often the symptom is seen in people with this condition. You can use the MedlinePlus Medical Dictionary to look up the definitions for these medical terms. Signs and Symptoms Approximate number of patients (when available) Abnormal dermatoglyphics 90% Abnormality of calvarial morphology 90% Aplasia/Hypoplasia of the nipples 90% Chorioretinal coloboma 90% Cognitive impairment 90% Depressed nasal ridge 90% Epicanthus 90% External ear malformation 90% Hearing impairment 90% Hypertelorism 90% Ichthyosis 90% Microdontia 90% Ptosis 90% Reduced number of teeth 90% Short philtrum 90% Strabismus 90% Tall stature 90% Thick lower lip vermilion 90% Abnormality of epiphysis morphology 50% Abnormality of the clavicle 50% Abnormality of the pulmonary valve 50% Adactyly 50% Brachydactyly syndrome 50% Cleft palate 50% Increased number of teeth 50% Opacification of the corneal stroma 50% Seizures 50% Short toe 50% Tetralogy of Fallot 50% Transposition of the great arteries 50% Upslanted palpebral fissure 50% Abnormal hair quantity 7.5% Abnormality of the hip bone 7.5% Abnormality of the kidney 7.5% Acute leukemia 7.5% Autism 7.5% Cerebral cortical atrophy 7.5% Clubbing of toes 7.5% Fine hair 7.5% Hyperkeratosis 7.5% Osteolysis 7.5% Skin ulcer 7.5% Ventricular septal defect 7.5% Acute lymphoblastic leukemia - Autosomal recessive inheritance - Brachycephaly - Broad-based gait - Cerebral atrophy - Clinodactyly of the 5th finger - Conductive hearing impairment - Duplicated collecting system - Frontal bossing - Hydronephrosis - Hypoplastic nipples - Intellectual disability - Joint contracture of the hand - Large for gestational age - Large hands - Long foot - Low-set nipples - Muscular hypotonia - Overfolded helix - Palmoplantar hyperkeratosis - Peripheral pulmonary artery stenosis - Prominent forehead - Retinal coloboma - Sparse hair - Ureteropelvic junction obstruction - Violent behavior - Webbed neck - Wide mouth - Wide nasal bridge - Widely spaced teeth - The Human Phenotype Ontology (HPO) has collected information on how often a sign or symptom occurs in a condition. Much of this information comes from Orphanet, a European rare disease database. The frequency of a sign or symptom is usually listed as a rough estimate of the percentage of patients who have that feature. The frequency may also be listed as a fraction. The first number of the fraction is how many people had the symptom, and the second number is the total number of people who were examined in one study. For example, a frequency of 25/25 means that in a study of 25 people all patients were found to have that symptom. Because these frequencies are based on a specific study, the fractions may be different if another group of patients are examined. Sometimes, no information on frequency is available. In these cases, the sign or symptom may be rare or common.",0.991265930019468
Which test assesses the ability to detect light pressure on the skin?,[],The Braden Scale is used to measure the patient's ability to detect light pressure on the skin.,"The monofilament test, often used for diabetic neuropathy screening.",0.3133299494625544
What is the duration of action of a clonidine patch?,[],It lasts for 12 hours.,Up to 7 days,0.2736443902575718
What are the genetic changes related to congenital mirror movement disorder ?,[],"Mutations in the GABRB1 gene cause congenital mirror movement disorder. This gene provides instructions for making a protein that is involved in the transmission of signals between neurons (nerve cells). The GABRB1 protein helps transmit information from one neuron to another, allowing communication between different parts of the brain. Mutations in the GABRB1 gene disrupt the function of this protein, which leads to problems with the transmission of signals between neurons. As a result, the brain does not receive proper signals from other parts of the brain when it should be receiving them. This results in abnormal movements and other symptoms associated with congenital mirror movement disorder.","Congenital mirror movement disorder can be caused by mutations in the DCC or RAD51 gene; mutations in these genes account for a total of about 35 percent of cases. Mutations in other genes that have not been identified likely account for other cases of this disorder. The DCC gene provides instructions for making a protein called the netrin-1 receptor, which is involved in the development of the nervous system. This receptor attaches (binds) to a substance called netrin-1, fitting together like a lock and its key. The binding of netrin-1 to its receptor triggers signaling that helps direct the growth of specialized nerve cell extensions called axons, which transmit nerve impulses that signal muscle movement. Normally, signals from each half of the brain control movements on the opposite side of the body. Binding of netrin-1 to its receptor inhibits axons from developing in ways that would carry movement signals from each half of the brain to the same side of the body. Mutations in the DCC gene result in an impaired or missing netrin-1 receptor protein. A shortage of functional netrin-1 receptor protein impairs control of axon growth during nervous system development. As a result, movement signals from each half of the brain are abnormally transmitted to both sides of the body, leading to mirror movements. The RAD51 gene provides instructions for making a protein that is also thought to be involved in the development of nervous system functions that control movement, but its role in this development is unclear. Mutations in the RAD51 gene result in a missing or impaired RAD51 protein, but it is unknown how a shortage of functional RAD51 protein affects nervous system development and leads to the signs and symptoms of congenital mirror movement disorder.",0.8716169807693851
What are signs of a concussion that require immediate medical attention?,[],"Severe headache, vomiting, confusion, slurred speech, or unconsciousness.","Headache, vomiting, balance problems, fatigue, drowsiness, confusion, and irritability.",0.7667483068207318
Is Albright's hereditary osteodystrophy inherited ?,[],"This condition is inherited in an autosomal recessive pattern, which means both copies of the gene in each cell have mutations. The parents of an individual with an autosomal recessive condition each carry one copy of the mutated gene, but they typically do not show signs or symptoms of the condition.","How is progressive osseous heteroplasia inherited? This condition is inherited in an autosomal dominant pattern, which means one copy of the altered gene in each cell is sufficient to cause the disorder. People normally inherit one copy of each gene from their mother and one copy from their father. For most genes, both copies are active, or ""turned on,"" in all cells. For a small subset of genes, however, only one of the two copies is active. For some of these genes, only the copy inherited from a person's father (the paternal copy) is active, while for other genes, only the copy inherited from a person's mother (the maternal copy) is active. These differences in gene activation based on the gene's parent of origin are caused by a phenomenon called genomic imprinting. The GNAS gene has a complex genomic imprinting pattern. In some cells of the body the maternal copy of the gene is active, while in others the paternal copy is active. Progressive osseous heteroplasia occurs when mutations affect the paternal copy of the gene. Thus, progressive heteroplasia is usually inherited from the father.",0.5715066871611583
Is there a treatment for dry macular degeneration?,[],"Yes, treatments include photodynamic therapy (PDT) and laser photocoagulation.","No, there is no treatment for dry macular degeneration.",0.5118614878220974
How does an action potential occur in a neuron?,[],"An action potential is generated when a sodium ion influx causes a voltage-dependent membrane potential change, leading to depolarization of the cell membrane.","If a graded potential reaches the threshold, the neuron generates an action potential.",0.7815646339023222
How do cultural beliefs influence spirituality?,[],"Cultural beliefs can shape religious practices, rituals, and spiritual beliefs.","They shape perspectives on life, illness, suffering, and healing.",0.8657068889266956
What is the boxed warning for all antidepressants?,[],"All antidepressants can cause serious side effects, including suicidal ideation or death.","Increased risk of suicidality in children, adolescents, and young adults.",0.5304215245817605
How can a patient release gas from a two-piece ostomy system?,[],By using a catheter or by pressing on the stoma with your hand.,By 'burping' the bag through the opening at the top by lifting a corner of the ostomy pouch from the flange.,0.3944277692218423
How many people are affected by autosomal dominant vitreoretinochoroidopathy ?,[],"Autosomal dominant vitreoretinochoroidopathy is an extremely rare condition, affecting approximately 1 in 50,000 to 100,000 individuals worldwide. The prevalence of this disorder varies among different populations; it has been reported in various ethnic groups including African Americans, Hispanics/Latinos, Native Americans, and Asian Americans.",ADVIRC is considered a rare disease. Its prevalence is unknown.,0.9393483111531372
What is (are) Wolff-Parkinson-White syndrome ?,[],"Wolff-Parkinson-White syndrome, also known as WPW syndrome, is an inherited heart condition characterized by abnormal electrical activity in the heart's upper chambers (atria). This abnormality causes premature contractions of the atria, which can lead to palpitations or other symptoms. The exact cause of this condition is unknown. Treatment may include medications to control symptoms and lifestyle changes.","Wolff-Parkinson-White syndrome is a condition characterized by abnormal electrical pathways in the heart that cause a disruption of the heart's normal rhythm (arrhythmia). The heartbeat is controlled by electrical signals that move through the heart in a highly coordinated way. A specialized cluster of cells called the atrioventricular node conducts electrical impulses from the heart's upper chambers (the atria) to the lower chambers (the ventricles). Impulses move through the atrioventricular node during each heartbeat, stimulating the ventricles to contract slightly later than the atria. People with Wolff-Parkinson-White syndrome are born with an extra connection in the heart, called an accessory pathway, that allows electrical signals to bypass the atrioventricular node and move from the atria to the ventricles faster than usual. The accessory pathway may also transmit electrical impulses abnormally from the ventricles back to the atria. This extra connection can disrupt the coordinated movement of electrical signals through the heart, leading to an abnormally fast heartbeat (tachycardia) and other arrhythmias. Resulting symptoms include dizziness, a sensation of fluttering or pounding in the chest (palpitations), shortness of breath, and fainting (syncope). In rare cases, arrhythmias associated with Wolff-Parkinson-White syndrome can lead to cardiac arrest and sudden death. The most common arrhythmia associated with Wolff-Parkinson-White syndrome is called paroxysmal supraventricular tachycardia. Complications of Wolff-Parkinson-White syndrome can occur at any age, although some individuals born with an accessory pathway in the heart never experience any health problems associated with the condition. Wolff-Parkinson-White syndrome often occurs with other structural abnormalities of the heart or underlying heart disease. The most common heart defect associated with the condition is Ebstein anomaly, which affects the valve that allows blood to flow from the right atrium to the right ventricle (the tricuspid valve). Additionally, Wolff-Parkinson-White syndrome can be a component of several other genetic syndromes, including hypokalemic periodic paralysis (a condition that causes episodes of extreme muscle weakness), Pompe disease (a disorder characterized by the storage of excess glycogen), and tuberous sclerosis (a condition that results in the growth of noncancerous tumors in many parts of the body).",0.9287955294236322
What is (are) Legionnaires' Disease ?,[],"Legionnaires' disease, also known as Listeriosis, is an infection caused by bacteria that grow in water systems. It can be spread through contaminated drinking water or from contact with infected animals. Symptoms may include fever, chills, headache, muscle pain, nausea, vomiting, diarrhea, confusion, and severe abdominal pain. People who have weakened immune systems are more likely to develop complications of this illness.","Legionnaires' disease is a type of pneumonia caused by bacteria. You usually get it by breathing in mist from water that contains the bacteria. The mist may come from hot tubs, showers, or air-conditioning units for large buildings. The bacteria don't spread from person to person. Symptoms of Legionnaires' disease include high fever, chills, a cough, and sometimes muscle aches and headaches. Other types of pneumonia have similar symptoms. You will probably need a chest x-ray to diagnose the pneumonia. Lab tests can detect the specific bacteria that cause Legionnaires' disease. Most people exposed to the bacteria do not become sick. You are more likely to get sick if you - Are older than 50 - Smoke - Have a chronic lung disease - Have a weak immune system Legionnaires' disease is serious and can be life-threatening. However, most people recover with antibiotic treatment. Centers for Disease Control and Prevention",0.9071732818187026
What causes Prostate Cancer ?,[],"Prostate cancer is caused by changes in the DNA sequence of certain genes, particularly BRCA1 or BRCA2. These genes help regulate cell growth and division. When these genes become abnormal, they can cause cells to grow uncontrollably and form tumors. The exact cause of prostate cancer is unknown. It may be related to inherited genetic factors or environmental factors such as radiation exposure during childhood.","Scientists don't know exactly what causes prostate cancer. They cannot explain why one man gets prostate cancer and another does not. However, they have been able to identify some risk factors that are associated with the disease. A risk factor is anything that increases your chances of getting a disease.",0.9999999999999998
"How does consciousness differ in dementia, delirium, and depression?",[],"Dementia is often characterized by loss of consciousness, while delirium can cause confusion or hallucinations. Depression may lead to mood swings, irritability, and difficulty concentrating.",Consciousness is normal in dementia and depression but impaired in delirium.,0.7331087157604674
What is (are) Kidney Failure: Choosing a Treatment That's Right for You ?,[],"The treatment choice depends on the cause of kidney failure, your age, overall health, and other factors.
 
- If you have chronic kidney disease (CKD), dialysis or a transplant may be needed to replace lost kidney function.
- If you have acute kidney injury (AKI), dialysis or a transplant may be needed to replace lost kidney function.
- If you have uremia, dialysis or a transplant may be needed to replace lost kidney function.

If you have chronic kidney disease (CKD), dialysis or a transplant may be needed to replace lost kidney function. Dialysis can remove waste products from your blood, but it does not repair damaged kidneys. A kidney transplant replaces an unhealthy kidney with a healthy one from another person.","Purpose of Hemodialysis The purpose of hemodialysis is to filter your blood. This type of dialysis uses a machine to remove harmful wastes and extra fluid, as your kidneys did when they were healthy. Hemodialysis helps control blood pressure and balance important minerals, such as potassium, sodium, calcium, and bicarbonate, in your blood. Hemodialysis is not a cure for kidney failure; however, it can help you feel better and live longer. How Hemodialysis Works Before you can begin dialysis, a surgeon will create a vascular access, usually in your arm. A vascular access lets high volumes of blood flow continuously during hemodialysis treatments to filter the largest possible amounts of blood per treatment. Hemodialysis uses a machine to move your blood through a filter, called a dialyzer, outside your body. A pump on the hemodialysis machine draws your blood through a needle into a tube, a few ounces at a time. Your blood then travels through the tube, which takes it to the dialyzer. Inside the dialyzer, your blood flows through thin fibers that filter out wastes and extra fluid. After the dialyzer filters your blood, another tube carries your blood back to your body. You can do hemodialysis at a dialysis center or in your home. Hemodialysis can replace part of your kidney function. You will also need dietary changes, medicines, and limits on water and other liquids you drink and get from food. Your dietary changes, the number of medicines you need, and limits on liquid will depend on where you receive your treatmentsat a dialysis center or at homeand how often you receive treatmentsthree or more times a week. Pros and Cons of Hemodialysis The pros and cons of hemodialysis differ for each person. What may be bad for one person may be good for another. Following is a list of the general pros and cons of dialysis center and home hemodialysis. Dialysis Center Hemodialysis Pros - Dialysis centers are widely available. - Trained health care providers are with you at all times and help administer the treatment. - You can get to know other people with kidney failure who also need hemodialysis. - You dont have to have a trained partner or keep equipment in your home. Cons - The center arranges everyones treatments and allows few exceptions to the schedule. - You need to travel to the center for treatment. - This treatment has the strictest diet and limits on liquids because the longer time between treatments means wastes and extra fluid can build up in your body. - You may have more frequent ups and downs in how you feel from day to day because of the longer time between sessions. - Feeling better after a treatment may take a few hours. Home Hemodialysis Pros - You can do the treatment at the times you choose; however, you should follow your doctors orders about how many times a week you need treatment. - You dont have to travel to a dialysis center. - You gain a sense of control over your treatment. - You will have fewer ups and downs in how you feel from day to day because of more frequent sessions. - You can do your treatments at times that will let you work outside the home. - You will have a more manageable diet and fewer limits on liquids because the shorter time between sessions prevents the buildup of wastes and extra fluid. - You can take along a hemodialysis machine when traveling. - You can spend more time with your loved ones because you dont have to go to the dialysis center three times a week. Cons - Not all dialysis centers offer home hemodialysis training and support. - You and a family member or friend will have to set aside a week or more at the beginning for training. - Helping with treatments may be stressful for your family or friend. - You need space for storing the hemodialysis machine and supplies at home. - You will need to learn to put dialysis needles into your vascular access. - Medicare and private insurance companies may limit the number of treatments they will pay for when you use home hemodialysis. Few people can afford the costs for additional treatments. Questions to Ask My Doctor You may want to ask your doctor these questions: - Is hemodialysis the best treatment choice for me? Why? - If Im treated at a dialysis center, can I go to the center of my choice? - What should I look for in a dialysis center? - Will my kidney doctor see me at the dialysis center? - What does hemodialysis feel like? - How will hemodialysis affect my ____ [blood pressure, diabetes, other conditions]? - Is home hemodialysis available in my area? What type of training will I need? Who will train my partner and me? - Will I be able to keep working? Can I have treatments at night? Will I be able to care for my children? - How much should I exercise? - Whom do I contact if I have problems? - Who will be on my health care team? How can the members of my health care team help me? - If I do home hemodialysis, will my insurance pay for more than three sessions a week? - With whom can I talk about finances, sex, or family concerns? - How/where can I talk with other people who have faced this decision? More information about Hemodialysis and Home Hemodialysis is provided in the NIDDK health topics, Treatment Methods for Kidney Failure: Hemodialysis and Home Hemodialysis. See also the Kidney Failure Treatment Comparison Chart in this booklet, which compares hemodialysis, peritoneal dialysis, and transplantation.",0.8125598388454419
What is the mechanism of action of nitroglycerin?,[],"It dilates coronary arteries, reducing blood flow to the heart.","Nitroglycerin relaxes vascular smooth muscle, causing vasodilation and decreased oxygen demand.",
How should the wafer be applied?,[],The wafer should be placed on the surface of the tissue sample in a way that allows for proper contact with the specimen.,"Remove the backing, center it over the stoma, and press gently to seal it to the skin.",0.742943682411736
How many people are affected by DOLK-congenital disorder of glycosylation ?,[],"DOLK-congenital disorder of glycosylation is an extremely rare condition, affecting approximately 1 in 20 million individuals worldwide.",DOLK-CDG is likely a rare condition; at least 18 cases have been reported in the scientific literature.,0.9366971869410078
What are the treatments for Syndrome of inappropriate antidiuretic hormone ?,[],"These treatments include diuretics, vasopressin receptor antagonists, and aldosterone receptor blockers.","How might the syndrome of inappropriate antidiuretic hormone be treated? Treatment of syndrome of inappropriate antidiuretic hormone (SIADH) may involve fluid restriction, treatment of the underlying cause once determined, and medication that decreases the effect of antidiuretic hormone on the kidneys.",0.5910125079991796
Is 2-hydroxyglutaric aciduria inherited ?,[],"This condition is inherited in an autosomal recessive pattern, which means both copies of the gene in each cell have mutations. The parents of an individual with an autosomal recessive condition each carry one copy of the mutated gene, but they typically do not show signs or symptoms of the condition.","D-2-HGA type I, L-2-HGA, and combined D,L-2-HGA all have an autosomal recessive pattern of inheritance, which means both copies of the gene in each cell have mutations. The parents of an individual with an autosomal recessive condition each carry one copy of the mutated gene, but they typically do not show signs and symptoms of the condition. D-2-HGA type II is considered an autosomal dominant disorder because one copy of the altered gene in each cell is sufficient to cause the condition. The disorder typically results from a new mutation in the IDH2 gene and occurs in people with no history of the condition in their family.",0.5848763753482319
What to do for What I need to know about My Child's Urinary Tract Infection ?,[],"If your child has a urinary tract infection (UTI), you should see a doctor right away. The symptoms of UTIs can be very uncomfortable, especially if they last longer than 2 weeks. If left untreated, UTIs can cause more serious problems such as kidney infections or bladder cancer.","To help prevent a UTI, make sure your child drinks enough fluids each day. Talk with your childs health care provider to find out how much fluid your child should drink.",0.7730630274587244
What is the outlook for Kleine-Levin Syndrome ?,[],"Kleinlewin syndrome has a poor prognosis, with only about 10% of affected individuals surviving beyond childhood.",Episodes eventually decrease in frequency and intensity over the course of eight to 12 years.,0.6862818783350314
What are the genetic changes related to spondyloenchondrodysplasia with immune dysregulation ?,[],"SOD1 mutations cause spondyloenchondrodysplasia with immune dysregulation. These mutations occur in the SOD1 gene, which is responsible for producing an enzyme called superoxide dismutase 1 (SOD1). This enzyme plays a critical role in the body's defense against oxidative stress by breaking down free radicals. In people with spondyloenchondrodysplasia with immune dysregulation, the SOD1 gene mutation leads to the production of an abnormally short version of SOD1 protein. The abnormal SOD1 protein accumulates in cells throughout the body, particularly in bone marrow and blood cells. Over time, this accumulation can lead to bone deformities and other complications.","Mutations in the ACP5 gene cause SPENCDI. This gene provides instructions for making an enzyme called tartrate-resistant acid phosphatase type 5 (TRAP). The TRAP enzyme primarily regulates the activity of a protein called osteopontin, which is produced in bone cells called osteoclasts and in immune cells. Osteopontin performs a variety of functions in these cells. Osteoclasts are specialized cells that break down and remove (resorb) bone tissue that is no longer needed. These cells are involved in bone remodeling, which is a normal process that replaces old bone tissue with new bone. During bone remodeling, osteopontin is turned on (activated), allowing osteoclasts to attach (bind) to bones. When the breakdown of bone is complete, TRAP turns off (inactivates) osteopontin, causing the osteoclasts to release themselves from bone. In immune system cells, osteopontin helps fight infection by promoting inflammation, regulating immune cell activity, and turning on various immune system cells that are necessary to fight off foreign invaders. As in bone cells, the TRAP enzyme inactivates osteopontin in immune cells when it is no longer needed. The ACP5 gene mutations that cause SPENCDI impair or eliminate TRAP's ability to inactivate osteopontin. As a result, osteopontin is abnormally active, prolonging bone breakdown by osteoclasts and triggering abnormal inflammation and immune responses by immune cells. In people with SPENCDI, increased bone remodeling contributes to the skeletal abnormalities, including irregularly shaped bones and short stature. An overactive immune system leads to increased susceptibility to autoimmune disorders and impairs the body's normal immune response to harmful invaders, resulting in frequent infections. The mechanism that leads to the other features of SPENCDI, including movement disorders and intellectual disability, is currently unknown.",0.5079646366710163
What is the significance of food in Hispanic culture?,[],"Food plays an important role in cultural traditions, celebrations, and social gatherings.","Hispanic culture values foods such as rice, beans, pork, beef, and tropical fruits, often linked to ancestral traditions.",0.5958048933724349
What are the symptoms of Glaucoma ?,[],"Symptoms of glaucoma include: - Blurred vision - Double vision - Confusion or disorientation - Nystagmus (rapid, jerky eye movement) - Photophobia (painful sensitivity to light) - Diplopia (double vision) - Headache - Eye pain - Redness - Painful discharge from the eye The symptoms can vary depending on the type of glaucoma.","At first, open-angle glaucoma has no symptoms. It causes no pain. Vision seems normal. Without treatment, people with glaucoma will slowly lose their peripheral, or side vision. They seem to be looking through a tunnel. Over time, straight-ahead vision may decrease until no vision remains.",1.0000000000000002
What is (are) hypomyelination and congenital cataract ?,[],"Hypomyelination and congenital cataract are conditions that affect vision development. Hypomyelination occurs when there is an abnormal buildup of myelin, which is a fatty substance that insulates nerve fibers. This can lead to problems with vision formation in newborns or children who have not yet developed their nervous system. Congenital cataracts occur when the lens of the eye does not develop normally before birth. These abnormalities cause cloudy, white spots on the lens that can interfere with clear vision. Both hypomyelination and congenital cataracts are genetic disorders and may be inherited in families. Treatment for these conditions depends on the specific signs and symptoms present.","Hypomyelination and congenital cataract is an inherited condition that affects the nervous system and the eyes. This disease is one of a group of genetic disorders called leukoencephalopathies. Leukoencephalopathies involve abnormalities of the brain's white matter. White matter consists of nerve fibers covered by a fatty substance called myelin. Myelin insulates nerve fibers and promotes the rapid transmission of nerve impulses. Hypomyelination and congenital cataract is caused by a reduced ability to form myelin (hypomyelination). Additionally, people with this disorder are typically born with a clouding of the lens (cataract) in both eyes. People with this condition usually have normal development throughout the first year of life. Development slows around the age of 1. Most affected children learn to walk between the ages of 1 and 2, although they usually need some type of support. Over time they experience muscle weakness and wasting (atrophy) in their legs, and many affected people eventually require wheelchair assistance. Weakness in the muscles of the trunk and a progressive abnormal curvature of the spine (scoliosis) further impair walking in some individuals. Most people with hypomyelination and congenital cataract have reduced sensation in their arms and legs (peripheral neuropathy). In addition, affected individuals typically have speech difficulties (dysarthria) and mild to moderate intellectual disability.",0.9224541174468522
What should be done if no urine flows after catheter insertion?,[],"Check for blockage, infection, or leakage.",Check placement and consider repositioning or reinsertion.,0.2914628721503041
Why should hands be washed after removing gloves?,[],To prevent cross-contamination with patient materials or equipment.,Gloves may have microscopic tears or contamination on removal.,0.2031721562222065
what research (or clinical trials) is being done for Tuberous Sclerosis ?,[],The National Institute of Diabetes and Digestive and Kidney Diseases supports research on TSC in the Department of Health and Human Services' National Institutes of Health (NIH).,"The National Institute of Neurological Disorders and Stroke (NINDS) conducts TSC research in its laboratories at the National Institutes of Health (NIH) and also supports TSC research through grants to major medical institutions across the country. Scientists in one study are learning more about the genes that can cause TSC and the function of the proteins those genes produce. Another study focuses on two major brain disorders --autism and epilepsy -- that occur in children with TSC. Other scientists are trying to determine what causes skin tumors to develop in individuals with TSC and to find the molecular basis of these tumors. Scientists hope knowledge gained from their current research will improve the genetic test for TSC and lead to new avenues of treatment, methods of prevention, and, ultimately, a cure.",0.3394868754472655
What are the treatments for 15q24 microdeletion ?,[],"These patients have an increased risk of developing certain cancers, such as leukemia, lymphoma, and neuroblastoma. Treatment options depend on the type of cancer and may include chemotherapy, radiation therapy, surgery, or targeted therapy.",These resources address the diagnosis or management of 15q24 microdeletion: - Gene Review: Gene Review: 15q24 Microdeletion - Genetic Testing Registry: 15q24 deletion syndrome These resources from MedlinePlus offer information about the diagnosis and management of various health conditions: - Diagnostic Tests - Drug Therapy - Surgery and Rehabilitation - Genetic Counseling - Palliative Care,0.2678016035277742
How to prevent Kidney Stones in Adults ?,[],"A diet low in oxalates, phosphorus, and calcium is recommended. A high fiber diet can also help prevent kidney stones.","The first step in preventing kidney stones is to understand what is causing the stones to form. The health care provider may ask the person to try to catch the kidney stone as it passes, so it can be sent to a lab for analysis. Stones that are retrieved surgically can also be sent to a lab for analysis. The health care provider may ask the person to collect urine for 24 hours after a stone has passed or been removed to measure daily urine volume and mineral levels. Producing too little urine or having a mineral abnormality can make a person more likely to form stones. Kidney stones may be prevented through changes in eating, diet, and nutrition and medications. Eating, Diet, and Nutrition People can help prevent kidney stones by making changes in their fluid intake. Depending on the type of kidney stone a person has, changes in the amounts of sodium, animal protein, calcium, and oxalate consumed can also help. Drinking enough fluids each day is the best way to help prevent most types of kidney stones. Health care providers recommend that a person drink 2 to 3 liters of fluid a day. People with cystine stones may need to drink even more. Though water is best, other fluids may also help prevent kidney stones, such as orange juice or lemonade. Talk with your health care provider if you cant drink the recommended amount due to other health problems, such as urinary incontinence, urinary frequency, or kidney failure. Recommendations based on the specific type of kidney stone include the following: Calcium Oxalate Stones - reducing sodium - reducing animal protein, such as meat, eggs, and fish - getting enough calcium from food or taking calcium supplements with food - avoiding foods high in oxalate, such as spinach, rhubarb, nuts, and wheat bran Calcium Phosphate Stones - reducing sodium - reducing animal protein - getting enough calcium from food or taking calcium supplements with food Uric Acid Stones - limiting animal protein More information about how changes in diet affect kidney stone formation is provided in the NIDDK health topic, Diet for Kidney Stone Prevention. Medications The health care provider may prescribe certain medications to help prevent kidney stones based on the type of stone formed or conditions that make a person more prone to form stones: - hyperuricosuriaallopurinol (Zyloprim), which decreases uric acid in the blood and urine - hypercalciuriadiuretics, such as hydrochlorothiazide - hyperoxaluriapotassium citrate to raise the citrate and pH of urine - uric acid stonesallopurinol and potassium citrate - cystine stonesmercaptopropionyl glycine, which decreases cystine in the urine, and potassium citrate - struvite stonesantibiotics, which are bacteria-fighting medications, when needed to treat infections, or acetohydroxamic acid with long-term antibiotic medications to prevent infection People with hyperparathyroidism sometimes develop calcium stones. Treatment in these cases is usually surgery to remove the parathyroid glands. In most cases, only one of the glands is enlarged. Removing the glands cures hyperparathyroidism and prevents kidney stones.",0.8127131579406017
How to diagnose Lip and Oral Cavity Cancer ?,[],A biopsy is required for diagnosis of oral cavity or lip cancer.,"Tests that examine the mouth and throat are used to detect (find), diagnose, and stage lip and oral cavity cancer. The following tests and procedures may be used: - Physical exam of the lips and oral cavity: An exam to check the lips and oral cavity for abnormal areas. The medical doctor or dentist will feel the entire inside of the mouth with a gloved finger and examine the oral cavity with a small long-handled mirror and lights. This will include checking the insides of the cheeks and lips; the gums; the roof and floor of the mouth; and the top, bottom, and sides of the tongue. The neck will be felt for swollen lymph nodes. A history of the patients health habits and past illnesses and medical and dental treatments will also be taken. - Endoscopy : A procedure to look at organs and tissues inside the body to check for abnormal areas. An endoscope is inserted through an incision (cut) in the skin or opening in the body, such as the mouth. An endoscope is a thin, tube-like instrument with a light and a lens for viewing. It may also have a tool to remove tissue or lymph node samples, which are checked under a microscope for signs of disease. - Biopsy : The removal of cells or tissues so they can be viewed under a microscope by a pathologist. If leukoplakia is found, cells taken from the patches are also checked under the microscope for signs of cancer. - Exfoliative cytology : A procedure to collect cells from the lip or oral cavity. A piece of cotton, a brush, or a small wooden stick is used to gently scrape cells from the lips, tongue, mouth, or throat. The cells are viewed under a microscope to find out if they are abnormal. - MRI (magnetic resonance imaging): A procedure that uses a magnet, radio waves, and a computer to make a series of detailed pictures of areas inside the body. This procedure is also called nuclear magnetic resonance imaging (NMRI). - CT scan (CAT scan): A procedure that makes a series of detailed pictures of areas inside the body, taken from different angles. The pictures are made by a computer linked to an x-ray machine. A dye may be injected into a vein or swallowed to help the organs or tissues show up more clearly. This procedure is also called computed tomography, computerized tomography, or computerized axial tomography. - Barium swallow : A series of x-rays of the esophagus and stomach. The patient drinks a liquid that contains barium (a silver-white metallic compound). The liquid coats the esophagus and x-rays are taken. This procedure is also called an upper GI series. - PET scan (positron emission tomography scan): A procedure to find malignant tumor cells in the body. A small amount of radioactive glucose (sugar) is injected into a vein. The PET scanner rotates around the body and makes a picture of where glucose is being used in the body. Malignant tumor cells show up brighter in the picture because they are more active and take up more glucose than normal cells do. - Bone scan : A procedure to check if there are rapidly dividing cells, such as cancer cells, in the bone. A very small amount of radioactive material is injected into a vein and travels through the bloodstream. The radioactive material collects in the bones and is detected by a scanner.",0.9056205435998024
Is Laron syndrome inherited ?,[],"Laron syndrome is inherited in an autosomal recessive pattern, which means both copies of the gene in each cell have mutations. The parents of an individual with an autosomal recessive condition each carry one copy of the mutated gene, but they typically do not show signs or symptoms because the affected person has two changes (mutations) in the gene.","Is Laron syndrome inherited? Most cases of Laron syndrome are inherited in an autosomal recessive manner. This means that to be affected, a person must have a mutation in both copies of the responsible gene in each cell. The parents of an affected person usually each carry one mutated copy of the gene and are referred to as carriers. Carriers typically do not show signs or symptoms of the condition. When two carriers of an autosomal recessive condition have children, each child has a 25% (1 in 4) risk to have the condition, a 50% (1 in 2) risk to be a carrier like each of the parents, and a 25% chance to not have the condition and not be a carrier. Reports exist of rare families in which Laron syndrome appears to be inherited in an autosomal dominant manner. In these cases, a person only needs a change (mutation) in one copy of the responsible gene in each cell. In some cases, an affected person inherits the mutation from an affected parent. Other cases may result from new (de novo) mutations in the gene. These cases occur in people with no history of the disorder in their family. An affected person has a 50% chance with each pregnancy of passing along the altered gene to his or her child.",0.9764489078864016
How does sexual activity increase the risk of UTIs?,[],Sexual activity increases the risk of UTI by promoting bacterial growth in the genital area.,It introduces bacteria into the urethra.,0.927175677627832
What is the primary route of elimination for macrolides?,[],The primary route of elimination for macrolides is hepatic metabolism in the liver.,Most macrolides are metabolized in the liver and excreted in bile.,1.0
What is an example of involuntary assimilation?,[],"Involuntary assimilation occurs when a person's cultural background influences their behavior, leading to changes in personal beliefs or attitudes.",Indigenous children in North America were forced into boarding schools and punished for speaking their native language.,0.8927108513276485
What is a gait belt used for?,[],A gait belt is used to prevent falls by keeping an individual from falling off their feet while walking.,"A belt used to provide stability when assisting patients to stand, ambulate, or transfer.",0.9449123567297634
How can lifestyle factors impact therapeutic drug levels?,[],"Lifestyle factors such as diet, exercise, stress, and sleep can affect therapeutic drug levels.","Diet, smoking, alcohol, and activity level can affect metabolism.",0.8381823822252423
how is hps diagnosed and treated for Hantavirus ?,[],"HPS can be diagnosed through serology, PCR, or histopathology. Treatment typically involves supportive care and antiviral therapy.","Diagnosing HPS
  
Diagnosing HPS in an individual who has only been infected a few days is difficult, because early symptoms such as fever, muscle aches, and fatigue are easily confused with influenza. However, if the individual is experiencing fever and fatigue and has a history of potential rural rodent exposure, together with shortness of breath, would be strongly suggestive of HPS. If the individual is experiencing these symptoms they should see their physician immediately and mention their potential rodent exposure.
  Treating HPS
  
    
      
     
   
  
  
There is no specific treatment, cure, or vaccine for hantavirus infection. However, we do know that if infected individuals are recognized early and receive medical care in an intensive care unit, they may do better. In intensive care, patients are intubated and given oxygen therapy to help them through the period of severe respiratory distress.
  
The earlier the patient is brought in to intensive care, the better. If a patient is experiencing full distress, it is less likely the treatment will be effective.
  
Therefore, if you have been around rodents and have symptoms of fever, deep muscle aches, and severe shortness of breath, see your doctor immediately. Be sure to tell your doctor that you have been around rodents—this will alert your physician to look closely for any rodent-carried disease, such as HPS.",0.7618656504919764
"How many people are affected by 46,XX testicular disorder of sex development ?",[],The prevalence of XXY syndrome is unknown because it has been reported in only one family.,"Approximately 1 in 20,000 individuals with a male appearance have 46,XX testicular disorder.",0.0
What emergency equipment should always be at a tracheostomy patient's bedside?,[],"A ventilator, suction device, and endotracheal tube.","An obturator, spare tracheostomy tubes (same and smaller size), lubricant, syringe, tracheostomy ties, and a bag valve mask.",0.6448453495454606
Is craniofacial-deafness-hand syndrome inherited ?,[],"This condition is inherited in an autosomal recessive pattern, which means both copies of the gene in each cell have mutations. The parents of an individual with an autosomal recessive condition each carry one copy of the mutated gene, but they typically do not show signs or symptoms of the condition.","This condition is inherited in an autosomal dominant pattern, which means one copy of the altered gene in each cell is sufficient to cause the disorder.",0.4814210984774199
What are common complications of enteral feeding?,[],"Complications include aspiration, bowel obstruction, and infection.","Aspiration, tube dislodgment, diarrhea, and clogging.",0.5765960457172193
List common causes of nausea and vomiting.,[],"Common causes include food poisoning, gastroenteritis, dehydration, medication side effects, and pregnancy.","Morning sickness, gastroenteritis, migraines, motion sickness, food poisoning, medication side effects, GERD, ulcers, intestinal obstruction, poisoning, diseases of other organs.",0.3673362781265864
What causes Problems with Taste ?,[],"Taste disorders can be caused by various conditions, including:

- Neurological disorders: Conditions that affect the brain or its functions, such as stroke, multiple sclerosis, Parkinson's disease, Alzheimer's disease, and epilepsy.

- Genetic disorders: Disorders that result from changes in the genetic material within cells, such as Down syndrome, Turner syndrome, and Cystic fibrosis.

- Hormonal disorders: Diseases that affect hormones produced by the endocrine system, such as hypothyroidism, hyperthyroidism, and diabetes mellitus.

- Medications: Certain medications can cause taste disturbances, such as antihistamines, antidepressants, and chemotherapy drugs.

- Physical factors: Exposure to certain foods, chemicals, or other substances can cause taste disturbances, such as caffeine withdrawal, alcohol abuse, and smoking.","Loss of taste may be permanent or temporary, depending on the cause. As with vision and hearing, people gradually lose their ability to taste as they get older, but it is usually not as noticeable as loss of smell. Medications and illness can make the normal loss of taste worse. Common Causes Problems with taste are caused by anything that interrupts the transfer of taste sensations to the brain, or by conditions that affect the way the brain interprets the sensation of taste. Some people are born with taste disorders, but most develop them after an injury or illness. Among the causes of taste problems are - medications   - upper respiratory and middle ear infections   - radiation for treatment of head and neck cancers  - exposure to certain chemicals   - head injury   - some surgeries  - poor oral hygiene and dental problems  - smoking. medications upper respiratory and middle ear infections radiation for treatment of head and neck cancers exposure to certain chemicals head injury some surgeries poor oral hygiene and dental problems smoking. In many cases, people regain their sense of taste when they stop taking medications or when the illness or injury clears up. Medications.Taking medications can affect our ability to taste. Some antibiotics and antihistamines as well as other medications can cause a bad taste in the mouth or a loss of taste. One type of taste disorder is characterized by a persistent bad taste in the mouth, such as a bitter or salty taste. This is called dysgeusia and it occurs in older people, usually because of medications or oral health problems. Upper Respiratory and Middle Ear Infections. Respiratory infections such as the flu can lead to taste disorders.  Radiation for Head and Neck Cancers.  People with head and neck cancers who receive radiation treatment to the nose and mouth regions commonly experience problems with their sense of smell and taste as an unfortunate side effect. Older people who have lost their larynx or voice box commonly complain of poor ability to smell and taste.  Exposure to Certain Chemicals.  Sometimes exposure to certain chemicals, such as insecticides and solvents, can impair taste. Avoid contact with these substances, and if you do come in contact with them and experience a problem, see your doctor. Head Injury.  Previous surgery or trauma to the head can impair your sense of taste because the taste nerves may be cut, blocked or physically damaged. Some Surgeries.  Some surgeries to the ear nose and throat can impair taste. These include third molarwisdom toothextraction and middle ear surgery. Poor Oral Hygiene and Dental Problems.  Gum disease can cause problems with taste and so can can dentures and inflammation or infections in the mouth. If you take several medications, your mouth may produce less saliva. This causes dry mouth, which can make swallowing and digestion difficult and increase dental problems. Practice good oral hygiene, keep up to date with your dental appointments, and tell your dentist if you notice any problems with your sense of taste. Smoking. Tobacco smoking is the most concentrated form of pollution that most people are exposed to. Smokers often report an improved sense of taste after quitting. When To See the Doctor Be sure to see your doctor if you have had a taste problem for a while or if you notice that your problem with taste is associated with other symptoms. Let your doctor know if you are taking any medications that might affect your sense of taste. You may be able to change or adjust your medicine to one that will not cause a problem with taste. Your doctor will work with you to get the medicine you need while trying to reduce unwanted side effects.",0.9153697948578128
How should the patient be positioned for tracheostomy suctioning?,[],The patient should be in a supine position with their head turned to one side to ensure proper drainage.,In semi-Fowler’s position with the head of the bed elevated.,0.6069907178947548
What are the symptoms of Hemochromatosis ?,[],"Symptoms of hemochromatosis can vary widely, depending on the amount of iron in the body. Common symptoms include: - Pale skin - Darkening of the skin (hypopigmentation) - Darkened fingernails or toenails - Darker hair color - Darkened teeth - Muscle weakness - Abnormal heart rhythms - Enlarged liver and spleen - Anemia - Jaundice - Skin changes - Nervous system problems - Mental health issues The severity of symptoms depends on how much iron is in the body. Some people have no signs or symptoms at all.","A person with hemochromatosis may notice one or more of the following symptoms: - joint pain - fatigue, or feeling tired - unexplained weight loss - abnormal bronze or gray skin color - abdominal pain - loss of sex drive Not everyone with hemochromatosis will develop these symptoms.",1.0
what research (or clinical trials) is being done for Gallbladder Cancer ?,[],"Research on gallbladder cancer includes studies to find out how to prevent, detect, diagnose, treat, cure, and improve outcomes of this disease.","New types of treatment are being tested in clinical trials. This summary section describes treatments that are being studied in clinical trials. It may not mention every new treatment being studied. Information about clinical trials is available from the NCI website. Radiation sensitizers Clinical trials are studying ways to improve the effect of radiation therapy on tumor cells, including the following: - Hyperthermia therapy: A treatment in which body tissue is exposed to high temperatures to damage and kill cancer cells or to make cancer cells more sensitive to the effects of radiation therapy and certain anticancer drugs. - Radiosensitizers: Drugs that make tumor cells more sensitive to radiation therapy. Giving radiation therapy together with radiosensitizers may kill more tumor cells. Patients may want to think about taking part in a clinical trial. For some patients, taking part in a clinical trial may be the best treatment choice. Clinical trials are part of the cancer research process. Clinical trials are done to find out if new cancer treatments are safe and effective or better than the standard treatment. Many of today's standard treatments for cancer are based on earlier clinical trials. Patients who take part in a clinical trial may receive the standard treatment or be among the first to receive a new treatment. Patients who take part in clinical trials also help improve the way cancer will be treated in the future. Even when clinical trials do not lead to effective new treatments, they often answer important questions and help move research forward. Patients can enter clinical trials before, during, or after starting their cancer treatment. Some clinical trials only include patients who have not yet received treatment. Other trials test treatments for patients whose cancer has not gotten better. There are also clinical trials that test new ways to stop cancer from recurring (coming back) or reduce the side effects of cancer treatment. Clinical trials are taking place in many parts of the country. See the Treatment Options section that follows for links to current treatment clinical trials. These have been retrieved from NCI's listing of clinical trials.",0.8353951845555692
Which microorganisms are targeted by antifungal medications?,[],"Candida, Pseudomonas aeruginosa, and Candida albicans.",Yeasts and fungi.,0.4144798223960592
What are the treatments for Chiari malformation type 1 ?,[],"These treatments may be used to treat Chiari malformations of the cerebellum: Surgery - Surgical removal of the brain tissue that is causing the malformation, followed by repositioning of the brain tissue. This surgery can be performed at any time after birth or during infancy. The procedure is usually done when the child is very young. It is also called cranioplasty. Radiation therapy - A radiation treatment that uses high-energy x-rays to kill cancer cells. This treatment is sometimes given before surgery to shrink the tumor. This treatment is not recommended for children with Chiari malformations because it increases the risk of bleeding in the brain. Medication - Drugs that help control symptoms of Chiari malformations. These drugs include corticosteroids (such as prednisone), anticonvulsants, and antiemetics. Antidepressants and antihistamines may also be prescribed. In some cases, surgery may be needed to relieve symptoms.","How might Chiari malformation type 1 be treated? Some individuals with Chiari malformation type 1 are asymptomatic and do not require treatment. Individuals who have minimal symptoms, without syringomyelia, can typically be treated conservatively. Mild neck pain and headaches can usually be treated with pain medications, muscle relaxants, and the occasional use of a soft collar. Individuals with more severe symptoms may be in need of surgery. Surgery is the only treatment available to correct functional disturbances or halt the progression of damage to the central nervous system. The goals of surgical treatment are decompression of the point where the skull meets the spine (the cervicomedullary junction) and restoration of normal flow of cerebrospinal fluid in the region of the foramen magnum (the hole in the bottom of the skull where the spinal cord passes to connect to the brain). Prognosis after surgery for the condition is generally good and typically depends on the extent of neurological deficits that were present before the surgery. Most individuals have a reduction of symptoms and/or prolonged periods of relative stability. More than one surgery may be needed to treat the condition.",0.789920651572469
What is the function of zinc in wound healing?,[],"Zinc helps maintain proper cell division, which aids in tissue repair.",It aids in cell proliferation and immune function.,0.7177708867085668
What is an unexpected finding for Cranial Nerve II (Optic)?,[],"Vision loss in one eye, often due to optic nerve damage.",Decreased visual acuity or visual field defects.,0.4516027169687854
How does muscle atrophy impact posture?,[],"Muscle atrophy can cause poor balance, leading to falls.","Muscle atrophy weakens muscles, leading to poor posture and an increased risk of falls and injuries.",0.751421379442491
What are the professional responsibilities of nurses in interdisciplinary teams?,[],"Nurses must collaborate with other healthcare professionals, including physicians, pharmacists, dietitians, physical therapists, respiratory therapists, occupational therapists, social workers, and others to provide comprehensive care.","Communication, collaboration, and responsibility.",0.670179504425451
What is (are) Knee Replacement ?,[],"Knee replacement surgery is used to treat severe knee arthritis that has become so bad that it causes pain, swelling, or deformity. The procedure involves removing damaged cartilage from the knee joint and replacing it with an artificial joint made of metal and plastic. This can help relieve symptoms and improve function.","Knee replacement is surgery for people with severe knee damage. Knee replacement can relieve pain and allow you to be more active. Your doctor may recommend it if you have knee pain and medicine and other treatments are not helping you anymore. When you have a total knee replacement, the surgeon removes damaged cartilage and bone from the surface of your knee joint and replaces them with a man-made surface of metal and plastic. In a partial knee replacement, the surgeon only replaces one part of your knee joint. The surgery can cause scarring, blood clots, and, rarely, infections. After a knee replacement, you will no longer be able to do certain activities, such as jogging and high-impact sports.",0.7608630937217088
How can a patient’s breathing affect heart auscultation?,[],"A patient with rapid or shallow breathing may have an irregular heartbeat, which could be misinterpreted as abnormal heart sounds.","Lung sounds can interfere, so the patient may be asked to briefly hold their breath.",0.6854037429221298
What causes Glomerular Diseases ?,[],"Glomerular diseases can be caused by various factors, including genetic mutations, autoimmune disorders, infections, or environmental toxins.","A number of different diseases can result in glomerular disease. It may be the direct result of an infection or a drug toxic to the kidneys, or it may result from a disease that affects the entire body, like diabetes or lupus. Many different kinds of diseases can cause swelling or scarring of the nephron or glomerulus. Sometimes glomerular disease is idiopathic, meaning that it occurs without an apparent associated disease. The categories presented below can overlap: that is, a disease might belong to two or more of the categories. For example, diabetic nephropathy is a form of glomerular disease that can be placed in two categories: systemic diseases, since diabetes itself is a systemic disease, and sclerotic diseases, because the specific damage done to the kidneys is associated with scarring. Autoimmune Diseases When the body's immune system functions properly, it creates protein-like substances called antibodies and immunoglobulins to protect the body against invading organisms. In an autoimmune disease, the immune system creates autoantibodies, which are antibodies or immunoglobulins that attack the body itself. Autoimmune diseases may be systemic and affect many parts of the body, or they may affect only specific organs or regions. Systemic lupus erythematosus (SLE) affects many parts of the body: primarily the skin and joints, but also the kidneys. Because women are more likely to develop SLE than men, some researchers believe that a sex-linked genetic factor may play a part in making a person susceptible, although viral infection has also been implicated as a triggering factor. Lupus nephritis is the name given to the kidney disease caused by SLE, and it occurs when autoantibodies form or are deposited in the glomeruli, causing inflammation. Ultimately, the inflammation may create scars that keep the kidneys from functioning properly. Conventional treatment for lupus nephritis includes a combination of two drugs, cyclophosphamide, a cytotoxic agent that suppresses the immune system, and prednisolone, a corticosteroid used to reduce inflammation. A newer immunosuppressant, mychophenolate mofetil (MMF), has been used instead of cyclophosphamide. Preliminary studies indicate that MMF may be as effective as cyclophosphamide and has milder side effects. Goodpasture's Syndrome involves an autoantibody that specifically targets the kidneys and the lungs. Often, the first indication that patients have the autoantibody is when they cough up blood. But lung damage in Goodpasture's Syndrome is usually superficial compared with progressive and permanent damage to the kidneys. Goodpasture's Syndrome is a rare condition that affects mostly young men but also occurs in women, children, and older adults. Treatments include immunosuppressive drugs and a blood-cleaning therapy called plasmapheresis that removes the autoantibodies. IgA nephropathy is a form of glomerular disease that results when immunoglobulin A (IgA) forms deposits in the glomeruli, where it creates inflammation. IgA nephropathy was not recognized as a cause of glomerular disease until the late 1960s, when sophisticated biopsy techniques were developed that could identify IgA deposits in kidney tissue. The most common symptom of IgA nephropathy is blood in the urine, but it is often a silent disease that may go undetected for many years. The silent nature of the disease makes it difficult to determine how many people are in the early stages of IgA nephropathy, when specific medical tests are the only way to detect it. This disease is estimated to be the most common cause of primary glomerulonephritisthat is, glomerular disease not caused by a systemic disease like lupus or diabetes mellitus. It appears to affect men more than women. Although IgA nephropathy is found in all age groups, young people rarely display signs of kidney failure because the disease usually takes several years to progress to the stage where it causes detectable complications. No treatment is recommended for early or mild cases of IgA nephropathy when the patient has normal blood pressure and less than 1 gram of protein in a 24-hour urine output. When proteinuria exceeds 1 gram/day, treatment is aimed at protecting kidney function by reducing proteinuria and controlling blood pressure. Blood pressure medicinesangiotensinconverting enzyme inhibitors (ACE inhibitors) or angiotensin receptor blockers (ARBs)that block a hormone called angiotensin are most effective at achieving those two goals simultaneously. Hereditary NephritisAlport Syndrome The primary indicator of Alport syndrome is a family history of chronic glomerular disease, although it may also involve hearing or vision impairment. This syndrome affects both men and women, but men are more likely to experience chronic kidney disease and sensory loss. Men with Alport syndrome usually first show evidence of renal insufficiency while in their twenties and reach total kidney failure by age 40. Women rarely have significant renal impairment, and hearing loss may be so slight that it can be detected only through testing with special equipment. Usually men can pass the disease only to their daughters. Women can transmit the disease to either their sons or their daughters. Treatment focuses on controlling blood pressure to maintain kidney function. Infection-related Glomerular Disease Glomerular disease sometimes develops rapidly after an infection in other parts of the body. Acute post-streptococcal glomerulonephritis (PSGN) can occur after an episode of strep throat or, in rare cases, impetigo (a skin infection). The Streptococcus bacteria do not attack the kidney directly, but an infection may stimulate the immune system to overproduce antibodies, which are circulated in the blood and finally deposited in the glomeruli, causing damage. PSGN can bring on sudden symptoms of swelling (edema), reduced urine output (oliguria), and blood in the urine (hematuria). Tests will show large amounts of protein in the urine and elevated levels of creatinine and urea nitrogen in the blood, thus indicating reduced kidney function. High blood pressure frequently accompanies reduced kidney function in this disease. PSGN is most common in children between the ages of 3 and 7, although it can strike at any age, and it most often affects boys. It lasts only a brief time and usually allows the kidneys to recover. In a few cases, however, kidney damage may be permanent, requiring dialysis or transplantation to replace renal function. Bacterial endocarditis, infection of the tissues inside the heart, is also associated with subsequent glomerular disease. Researchers are not sure whether the renal lesions that form after a heart infection are caused entirely by the immune response or whether some other disease mechanism contributes to kidney damage. Treating the heart infection is the most effective way of minimizing kidney damage. Endocarditis sometimes produces chronic kidney disease (CKD). HIV, the virus that leads to AIDS, can also cause glomerular disease. Between 5 and 10 percent of people with HIV experience kidney failure, even before developing full-blown AIDS. HIV-associated nephropathy usually begins with heavy proteinuria and progresses rapidly (within a year of detection) to total kidney failure. Researchers are looking for therapies that can slow down or reverse this rapid deterioration of renal function, but some possible solutions involving immunosuppression are risky because of the patients' already compromised immune system. Sclerotic Diseases Glomerulosclerosis is scarring (sclerosis) of the glomeruli. In several sclerotic conditions, a systemic disease like lupus or diabetes is responsible. Glomerulosclerosis is caused by the activation of glomerular cells to produce scar material. This may be stimulated by molecules called growth factors, which may be made by glomerular cells themselves or may be brought to the glomerulus by the circulating blood that enters the glomerular filter. Diabetic nephropathy is the leading cause of glomerular disease and of total kidney failure in the United States. Kidney disease is one of several problems caused by elevated levels of blood glucose, the central feature of diabetes. In addition to scarring the kidney, elevated glucose levels appear to increase the speed of blood flow into the kidney, putting a strain on the filtering glomeruli and raising blood pressure. Diabetic nephropathy usually takes many years to develop. People with diabetes can slow down damage to their kidneys by controlling their blood glucose through healthy eating with moderate protein intake, physical activity, and medications. People with diabetes should also be careful to keep their blood pressure at a level below 140/90 mm Hg, if possible. Blood pressure medications called ACE inhibitors and ARBs are particularly effective at minimizing kidney damage and are now frequently prescribed to control blood pressure in patients with diabetes and in patients with many forms of kidney disease. Focal segmental glomerulosclerosis (FSGS) describes scarring in scattered regions of the kidney, typically limited to one part of the glomerulus and to a minority of glomeruli in the affected region. FSGS may result from a systemic disorder or it may develop as an idiopathic kidney disease, without a known cause. Proteinuria is the most common symptom of FSGS, but, since proteinuria is associated with several other kidney conditions, the doctor cannot diagnose FSGS on the basis of proteinuria alone. Biopsy may confirm the presence of glomerular scarring if the tissue is taken from the affected section of the kidney. But finding the affected section is a matter of chance, especially early in the disease process, when lesions may be scattered. Confirming a diagnosis of FSGS may require repeat kidney biopsies. Arriving at a diagnosis of idiopathic FSGS requires the identification of focal scarring and the elimination of possible systemic causes such as diabetes or an immune response to infection. Since idiopathic FSGS is, by definition, of unknown cause, it is difficult to treat. No universal remedy has been found, and most patients with FSGS progress to total kidney failure over 5 to 20 years. Some patients with an aggressive form of FSGS reach total kidney failure in 2 to 3 years. Treatments involving steroids or other immunosuppressive drugs appear to help some patients by decreasing proteinuria and improving kidney function. But these treatments are beneficial to only a minority of those in whom they are tried, and some patients experience even poorer kidney function as a result. ACE inhibitors and ARBs may also be used in FSGS to decrease proteinuria. Treatment should focus on controlling blood pressure and blood cholesterol levels, factors that may contribute to kidney scarring. Other Glomerular Diseases Membranous nephropathy, also called membranous glomerulopathy, is the second most common cause of the nephrotic syndrome (proteinuria, edema, high cholesterol) in U.S. adults after diabetic nephropathy. Diagnosis of membranous nephropathy requires a kidney biopsy, which reveals unusual deposits of immunoglobulin G and complement C3, substances created by the body's immune system. Fully 75 percent of cases are idiopathic, which means that the cause of the disease is unknown. The remaining 25 percent of cases are the result of other diseases like systemic lupus erythematosus, hepatitis B or C infection, or some forms of cancer. Drug therapies involving penicillamine, gold, or captopril have also been associated with membranous nephropathy. About 20 to 40 percent of patients with membranous nephropathy progress, usually over decades, to total kidney failure, but most patients experience either complete remission or continued symptoms without progressive kidney failure. Doctors disagree about how aggressively to treat this condition, since about 20 percent of patients recover without treatment. ACE inhibitors and ARBs are generally used to reduce proteinuria. Additional medication to control high blood pressure and edema is frequently required. Some patients benefit from steroids, but this treatment does not work for everyone. Additional immunosuppressive medications are helpful for some patients with progressive disease. Minimal change disease (MCD) is the diagnosis given when a patient has the nephrotic syndrome and the kidney biopsy reveals little or no change to the structure of glomeruli or surrounding tissues when examined by a light microscope. Tiny drops of a fatty substance called a lipid may be present, but no scarring has taken place within the kidney. MCD may occur at any age, but it is most common in childhood. A small percentage of patients with idiopathic nephrotic syndrome do not respond to steroid therapy. For these patients, the doctor may recommend a low-sodium diet and prescribe a diuretic to control edema. The doctor may recommend the use of nonsteroidal anti-inflammatory drugs to reduce proteinuria. ACE inhibitors and ARBs have also been used to reduce proteinuria in patients with steroid-resistant MCD. These patients may respond to larger doses of steroids, more prolonged use of steroids, or steroids in combination with immunosuppressant drugs, such as chlorambucil, cyclophosphamide, or cyclosporine.",0.9718369194095678
What is (are) Cirrhosis ?,[],"Cirrhosis is a chronic liver disease that causes scarring of the liver tissue. It can be caused by various factors, including alcohol abuse, viral hepatitis, and certain medications. Symptoms may include fatigue, weight loss, abdominal pain, jaundice, and spider angiomas. Treatment depends on the underlying cause and severity of cirrhosis.","Cirrhosis is scarring of the liver. Scar tissue forms because of injury or long-term disease. Scar tissue cannot do what healthy liver tissue does - make protein, help fight infections, clean the blood, help digest food and store energy. Cirrhosis can lead to - Easy bruising or bleeding, or nosebleeds - Swelling of the abdomen or legs - Extra sensitivity to medicines - High blood pressure in the vein entering the liver - Enlarged veins called varices in the esophagus and stomach. Varices can bleed suddenly. - Kidney failure - Jaundice - Severe itching - Gallstones A small number of people with cirrhosis get liver cancer. Your doctor will diagnose cirrhosis with blood tests, imaging tests, or a biopsy. Cirrhosis has many causes. In the United States, the most common causes are chronic alcoholism and hepatitis. Nothing will make the scar tissue disappear, but treating the cause can keep it from getting worse. If too much scar tissue forms, you may need to consider a liver transplant. NIH: National Institute of Diabetes and Digestive and Kidney Diseases",0.7735020439006864
What is the Bristol Stool Chart used for?,[],"To help identify constipation by tracking changes in stool frequency, consistency, color, odor, and volume.",Classifying stool consistency to assess bowel health.,0.3636386094052088
What are the limitations of a nasal cannula?,[],It may not provide adequate oxygenation for some patients.,"It can be easily dislodged, cause skin breakdown, and is less effective for mouth breathers or patients with nasal obstruction.",
Is Cornelia de Lange syndrome inherited ?,[],"Cornelia de Lange syndrome is an autosomal recessive condition, which means both parents must have the mutation for the child to be affected.","Is Cornelia de Lange syndrome inherited? Cornelia de Lange syndrome (CdLS) can be inherited in an autosomal dominant (NIPBL, SMC2, or RAD21) or X-linked (SMC1A or HDAC8) manner depending on the underlying genetic cause. However, most cases (more than 99%) result from new (de novo) mutations and occur in people with no family history of the condition.",
Why is it important to provide privacy for patients with bowel incontinence?,[],"To ensure patient comfort, dignity, and safety during treatment.",A private and comfortable setting can help them feel relaxed and reduce accidents.,
